t0_Ax,t0_Ay,t0_Az,t0_gyro_x,t0_gyro_y,t0_gyro_z,t1_Ax,t1_Ay,t1_Az,t1_gyro_x,t1_gyro_y,t1_gyro_z,t2_Ax,t2_Ay,t2_Az,t2_gyro_x,t2_gyro_y,t2_gyro_z,t3_Ax,t3_Ay,t3_Az,t3_gyro_x,t3_gyro_y,t3_gyro_z,t4_Ax,t4_Ay,t4_Az,t4_gyro_x,t4_gyro_y,t4_gyro_z,t5_Ax,t5_Ay,t5_Az,t5_gyro_x,t5_gyro_y,t5_gyro_z,t6_Ax,t6_Ay,t6_Az,t6_gyro_x,t6_gyro_y,t6_gyro_z,t7_Ax,t7_Ay,t7_Az,t7_gyro_x,t7_gyro_y,t7_gyro_z,t8_Ax,t8_Ay,t8_Az,t8_gyro_x,t8_gyro_y,t8_gyro_z,t9_Ax,t9_Ay,t9_Az,t9_gyro_x,t9_gyro_y,t9_gyro_z,t10_Ax,t10_Ay,t10_Az,t10_gyro_x,t10_gyro_y,t10_gyro_z,t11_Ax,t11_Ay,t11_Az,t11_gyro_x,t11_gyro_y,t11_gyro_z,t12_Ax,t12_Ay,t12_Az,t12_gyro_x,t12_gyro_y,t12_gyro_z,t13_Ax,t13_Ay,t13_Az,t13_gyro_x,t13_gyro_y,t13_gyro_z,t14_Ax,t14_Ay,t14_Az,t14_gyro_x,t14_gyro_y,t14_gyro_z,t15_Ax,t15_Ay,t15_Az,t15_gyro_x,t15_gyro_y,t15_gyro_z,t16_Ax,t16_Ay,t16_Az,t16_gyro_x,t16_gyro_y,t16_gyro_z,t17_Ax,t17_Ay,t17_Az,t17_gyro_x,t17_gyro_y,t17_gyro_z,t18_Ax,t18_Ay,t18_Az,t18_gyro_x,t18_gyro_y,t18_gyro_z,t19_Ax,t19_Ay,t19_Az,t19_gyro_x,t19_gyro_y,t19_gyro_z,t20_Ax,t20_Ay,t20_Az,t20_gyro_x,t20_gyro_y,t20_gyro_z,t21_Ax,t21_Ay,t21_Az,t21_gyro_x,t21_gyro_y,t21_gyro_z,t22_Ax,t22_Ay,t22_Az,t22_gyro_x,t22_gyro_y,t22_gyro_z,t23_Ax,t23_Ay,t23_Az,t23_gyro_x,t23_gyro_y,t23_gyro_z,t24_Ax,t24_Ay,t24_Az,t24_gyro_x,t24_gyro_y,t24_gyro_z,t25_Ax,t25_Ay,t25_Az,t25_gyro_x,t25_gyro_y,t25_gyro_z,t26_Ax,t26_Ay,t26_Az,t26_gyro_x,t26_gyro_y,t26_gyro_z,t27_Ax,t27_Ay,t27_Az,t27_gyro_x,t27_gyro_y,t27_gyro_z,t28_Ax,t28_Ay,t28_Az,t28_gyro_x,t28_gyro_y,t28_gyro_z,t29_Ax,t29_Ay,t29_Az,t29_gyro_x,t29_gyro_y,t29_gyro_z
801,-656,244,324,-226,106,810,-683,217,412,-277,39,803,-671,171,477,-326,-20,787,-638,111,500,-318,-29,782,-608,68,430,-299,-27,799,-586,10,286,-222,-17,820,-580,-23,99,-84,-15,828,-592,-12,-99,89,-30,824,-624,33,-259,223,-53,813,-628,78,-351,272,-91,817,-623,121,-380,337,-66,804,-611,190,-385,375,-65,807,-597,273,-352,358,-41,792,-597,353,-255,328,-48,766,-583,420,-105,168,-58,753,-572,422,60,2,-41,763,-571,372,206,-177,-24,786,-559,291,294,-269,-19,806,-562,210,323,-324,-45,817,-551,150,308,-321,-93,814,-529,96,274,-266,-78,790,-505,71,175,-196,-34,771,-502,80,81,-142,35,764,-520,103,-19,-90,107,776,-555,120,-59,-54,179,786,-582,126,-64,3,242,818,-614,120,-76,40,267,866,-657,107,-83,121,256,917,-677,97,-111,163,178,969,-714,90,-181,224,45
903,-340,-4,-491,251,-149,884,-352,78,-547,334,-122,886,-354,159,-583,345,-146,876,-332,256,-579,337,-157,871,-308,350,-497,337,-76,861,-301,446,-380,255,-11,866,-321,492,-301,33,-10,910,-347,419,-355,-91,-84,942,-359,301,-373,-251,-221,972,-318,182,-39,-413,-123,966,-273,80,158,-338,23,945,-276,47,185,-351,73,954,-298,-24,197,-330,150,963,-296,-69,79,-354,139,988,-304,-133,112,-273,179,998,-312,-168,102,10,179,977,-351,-126,226,274,164,935,-381,-34,330,343,175,919,-375,57,490,267,72,914,-371,153,492,234,-34,916,-352,256,411,195,-48,909,-328,340,371,128,37,920,-312,396,354,132,135,915,-328,426,335,63,115,893,-340,418,657,-15,227,898,-357,387,686,12,232,891,-361,418,1030,-53,346,898,-372,367,1516,-37,363,885,-352,376,1636,-48,196,856,-309,367,1772,-201,-8
936,-255,159,1555,485,348,938,-276,236,1609,520,422,902,-266,302,1616,510,414,864,-241,364,1585,572,384,821,-205,432,1558,587,404,789,-169,499,1308,526,391,774,-127,523,853,457,367,760,-133,574,64,241,206,728,-179,601,-541,17,164,708,-223,581,-833,-29,153,754,-309,543,-942,45,77,748,-349,530,-969,89,75,784,-436,519,-1145,94,-23,781,-467,498,-1103,175,-84,805,-518,478,-1105,79,-135,821,-543,420,-1306,138,-288,829,-559,330,-1535,123,-249,838,-588,287,-1606,168,-194,856,-591,204,-1398,116,-213,866,-608,146,-1343,28,-290,911,-617,76,-1184,17,-369,920,-600,48,-848,-92,-404,943,-582,13,-459,-344,-480,925,-551,-14,41,-218,-427,918,-519,-14,268,-38,-425,916,-480,28,545,247,-436,896,-447,105,938,400,-336,869,-386,207,1094,496,-219,841,-330,293,1185,545,-107,802,-265,377,1177,458,104
727,-22,635,442,288,20,714,20,653,207,236,-112,728,56,671,-62,208,-252,704,92,698,-284,163,-300,720,80,715,-657,-145,-413,753,42,710,-821,-278,-620,759,43,696,-495,-141,-464,770,74,675,-301,-78,-379,748,61,680,-190,-13,-300,741,98,671,-37,78,-203,732,111,670,-35,172,-180,699,101,708,18,207,-137,692,93,728,146,115,-33,679,91,727,474,85,39,694,152,695,760,136,109,696,174,683,899,357,200,621,219,713,1234,622,174,596,293,735,1109,465,165,588,350,692,994,287,164,582,392,671,735,176,74,581,427,651,781,213,-118,569,483,636,488,129,-122,562,503,649,223,-1,-106,554,526,648,85,-65,-111,559,521,650,61,-105,-133,538,546,639,166,-61,-221,530,569,612,264,-38,-119,536,596,587,452,-145,-105,529,638,535,777,-291,-152,531,701,491,635,-232,-111
356,-824,429,926,76,58,353,-816,492,1130,30,-90,394,-741,584,1234,-205,-174,482,-722,662,995,-311,-407,559,-697,710,912,-243,-614,532,-550,720,843,-200,-721,456,-403,746,567,-161,-696,392,-277,739,29,-318,-499,400,-278,724,-916,-233,-304,397,-348,635,-1204,-169,78,402,-431,545,-1406,-80,512,444,-492,433,-1418,-238,843,494,-630,412,-1223,-346,847,426,-745,280,-915,-218,1090,364,-866,203,-686,-138,1112,280,-977,154,-415,-132,819,276,-1006,133,-250,-7,527,246,-989,136,-264,182,317,219,-978,134,-359,322,165,146,-990,103,-472,342,51,140,-1018,92,-522,263,5,139,-1016,47,-516,174,-97,139,-1004,1,-516,107,-205,186,-1008,-49,-374,40,-169,194,-979,-59,-165,-13,-92,197,-968,-82,-287,61,34,180,-997,-100,-213,64,253,151,-993,-116,-344,122,332,159,-1040,-130,-270,65,320,155,-1045,-135,-78,-25,233
-56,-594,-850,-608,-195,-659,-62,-564,-916,-667,92,-202,-38,-552,-960,-588,241,-138,-1,-499,-966,-1143,417,-32,11,-303,-986,-1570,534,193,41,-152,-985,-1431,504,341,76,86,-933,-2323,1053,580,150,183,-982,-1577,292,210,193,314,-920,-1377,152,-402,166,414,-897,-1035,272,-709,198,492,-765,-1204,175,-700,150,526,-774,-1072,324,-585,122,569,-724,-884,-50,-546,81,675,-675,-894,-197,-286,71,767,-641,-1140,80,-171,76,836,-550,-1169,162,-198,64,881,-493,-1002,24,-207,38,912,-413,-1022,-151,-309,12,954,-329,-813,-41,-232,-7,976,-264,-659,50,-20,4,988,-219,-508,-45,28,-3,1005,-188,-387,-22,144,7,1023,-173,-264,-16,150,33,1040,-187,-325,-65,93,49,1009,-117,-806,-107,15,1,1002,15,-683,-13,-205,-9,1027,10,-603,212,-2,-20,982,93,-735,213,150,1,948,169,-789,56,274,58,922,247,-897,-96,301
534,-134,777,258,-255,495,548,-169,742,-178,-341,413,586,-251,704,-675,-374,197,615,-334,665,-856,-249,49,617,-382,636,-977,-189,-110,656,-452,596,-1050,-141,-222,663,-483,572,-920,-119,-254,686,-505,507,-938,-183,-329,696,-525,457,-733,-115,-263,705,-526,436,-529,-121,-154,723,-535,420,-335,-1,-34,732,-559,449,-137,91,54,748,-570,461,206,233,145,731,-544,517,449,415,148,709,-525,575,715,598,122,637,-449,653,985,724,115,573,-364,727,1118,726,128,491,-251,796,1123,658,145,422,-156,842,691,310,168,409,-137,845,-67,-252,137,462,-231,791,-839,-678,69,522,-361,748,-901,-385,63,526,-403,706,-664,-396,148,546,-442,655,-598,-342,109,574,-498,603,-376,-419,81,610,-537,570,-200,-443,76,649,-597,481,175,-513,200,674,-640,456,946,-327,517,643,-556,549,1424,192,532,603,-472,596,1339,453,432
466,-623,582,364,-363,530,472,-652,533,290,-283,402,465,-651,496,164,-97,257,431,-616,492,-77,15,113,367,-569,489,-343,200,45,375,-610,562,-767,175,-143,413,-685,613,-775,216,115,502,-736,703,-652,139,290,609,-807,738,-507,103,197,722,-857,732,-308,33,-94,758,-875,708,-181,-33,-464,783,-860,668,-2,-140,-878,750,-773,605,10,-187,-1247,689,-646,566,3,-193,-1503,588,-503,551,27,-137,-1536,503,-313,567,159,-240,-1390,456,-185,584,380,-114,-934,471,-108,613,705,6,-382,544,-99,641,952,86,123,654,-138,645,1174,66,460,750,-181,604,1391,138,643,782,-201,537,1410,29,677,795,-193,485,1221,-22,593,803,-172,422,912,-42,499,819,-170,388,482,64,350,840,-208,425,115,218,197,857,-241,515,-232,310,-76,862,-256,586,-417,380,-314,825,-212,649,-589,359,-590,785,-137,723,-763,161,-724
822,-526,788,-237,217,199,860,-549,795,-124,127,-109,856,-551,771,-24,34,-404,805,-495,729,18,-158,-723,752,-416,682,18,-214,-962,678,-284,656,-107,-301,-1210,607,-168,621,-195,-259,-1280,529,-24,599,-191,-252,-1131,498,36,636,-126,-183,-804,516,22,674,-64,-82,-406,550,-69,665,82,76,-1,626,-128,598,374,-23,445,782,-213,522,546,-196,638,902,-264,444,715,-156,739,949,-261,396,661,-161,647,938,-239,377,517,-152,511,908,-207,358,261,-98,290,881,-200,370,11,49,88,856,-192,418,-265,295,-194,823,-187,474,-522,404,-425,779,-175,550,-635,498,-497,722,-149,639,-621,537,-424,676,-151,734,-550,542,-299,638,-156,808,-280,369,17,660,-132,799,-66,226,234,649,-146,802,65,86,337,665,-172,779,198,-105,426,661,-210,742,323,-299,510,692,-250,654,390,-596,607,760,-309,567,448,-617,660
710,45,568,519,298,356,754,-20,509,616,115,509,835,-73,438,605,-35,568,883,-106,390,561,-90,560,959,-134,339,514,-32,548,965,-137,322,329,110,338,941,-142,355,50,209,69,908,-135,403,-166,284,-180,840,-93,472,-319,412,-395,767,-21,558,-482,467,-590,713,55,628,-540,532,-631,650,124,678,-589,539,-618,619,155,636,-508,792,-485,505,208,748,-442,1039,-277,415,176,921,-479,844,-156,321,130,1095,-290,490,67,319,65,1086,-1,36,397,370,17,1002,203,-326,616,459,-78,899,341,-540,820,526,-149,782,419,-597,836,640,-220,659,383,-575,822,687,-224,604,192,-402,574,699,-216,598,-86,-327,344,707,-230,620,-319,-265,112,691,-218,636,-422,-69,-14,679,-213,631,-579,-41,-72,697,-236,625,-719,109,-105,700,-269,639,-814,250,-155,702,-295,663,-815,423,-107,682,-321,713,-766,411,-50
703,-318,649,-105,-114,14,722,-331,645,-104,-127,-15,723,-326,632,-42,-93,-47,717,-318,623,-14,-72,-56,710,-313,620,22,-42,-46,713,-310,627,35,-38,-32,724,-316,635,55,-41,-14,729,-313,626,72,-35,-15,722,-299,611,78,-30,-10,725,-290,604,61,-26,-2,729,-284,610,31,-18,5,736,-286,624,18,-14,5,739,-283,623,18,-4,-1,731,-278,617,10,6,-4,731,-280,622,-3,10,-2,732,-280,626,0,9,3,739,-280,626,9,7,4,741,-282,622,7,0,-2,739,-288,623,9,3,-5,733,-288,619,14,0,-10,727,-286,615,5,-5,-3,728,-284,616,0,-3,5,732,-286,624,0,-3,8,738,-284,621,10,-1,3,738,-285,619,3,0,-5,736,-287,617,0,1,-11,733,-284,616,-8,6,-13,731,-285,619,-16,1,-10,731,-282,617,-11,5,-8,727,-280,616,-16,4,-2
601,-414,702,20,76,-15,588,-405,708,23,102,-53,565,-385,713,3,114,-76,549,-365,716,-14,95,-75,531,-338,714,-24,86,-52,531,-330,738,-68,58,-10,542,-331,766,-58,44,8,548,-335,780,-12,25,26,556,-352,770,41,-34,36,559,-370,764,88,-24,78,564,-386,757,103,-38,88,563,-403,740,123,-47,86,556,-410,718,122,-30,72,551,-417,712,77,-4,45,544,-417,716,48,30,20,536,-407,725,6,75,-4,533,-397,740,-35,92,-23,530,-383,753,-73,106,-37,529,-371,760,-90,89,-43,530,-361,765,-103,82,-48,533,-357,777,-125,69,-57,528,-351,781,-153,32,-57,527,-357,787,-175,-11,-53,531,-375,789,-185,-69,-41,550,-403,779,-153,-109,-37,555,-416,756,-63,-110,-33,557,-425,729,10,-120,-30,551,-424,705,60,-109,-26,543,-422,685,65,-108,-11,543,-427,669,43,-112,3
703,-517,461,188,-171,33,694,-515,445,140,-100,18,692,-510,436,46,-32,3,703,-507,445,-19,33,-5,724,-511,469,-97,95,-28,738,-516,499,-157,103,-69,740,-510,522,-193,127,-109,734,-496,548,-213,103,-147,721,-471,553,-206,95,-166,700,-440,560,-201,57,-164,682,-411,565,-169,44,-135,674,-390,581,-117,22,-67,686,-396,599,-43,9,-9,699,-408,609,45,-40,40,725,-433,601,137,-60,67,741,-458,574,202,-94,63,748,-475,542,245,-103,55,748,-481,509,256,-105,40,730,-470,474,216,-123,16,715,-460,452,165,-97,19,701,-453,434,85,-63,34,704,-461,437,8,7,46,718,-478,460,-57,68,51,745,-491,481,-120,113,32,782,-508,511,-157,140,-19,797,-506,524,-190,143,-100,778,-485,541,-214,107,-177,744,-452,552,-218,71,-212,697,-407,563,-198,24,-198,654,-370,577,-161,-7,-139
793,-138,524,-253,69,-477,701,-43,541,-211,-24,-436,615,11,537,-143,-84,-225,559,10,536,-109,-97,-14,548,-57,559,-40,-97,320,595,-139,528,75,-54,527,716,-230,514,146,73,629,861,-336,488,150,229,639,964,-407,508,117,211,573,1077,-482,541,128,212,425,1113,-499,568,95,65,176,1076,-466,558,49,-69,-123,1004,-422,559,-11,-190,-335,941,-364,543,-29,-274,-502,872,-300,522,-58,-305,-598,838,-238,506,-90,-345,-630,804,-180,490,-84,-331,-649,781,-103,471,-40,-320,-586,752,-35,432,-27,-357,-528,708,28,374,17,-390,-354,714,47,321,66,-290,-133,745,16,285,96,-188,90,831,-53,273,120,12,277,867,-93,265,113,96,348,895,-135,260,65,160,409,907,-154,271,34,200,453,913,-192,290,-45,161,505,943,-240,304,-72,163,563,940,-281,316,-119,232,716,1012,-367,387,-191,214,792,1096,-463,412,-200,136,589
1003,-595,431,-171,527,440,965,-627,535,-113,417,75,916,-605,597,76,227,-189,855,-537,620,343,-10,-356,808,-462,610,403,-191,-460,812,-390,600,404,-281,-536,806,-314,575,392,-372,-601,806,-234,533,351,-435,-626,797,-161,481,424,-389,-608,765,-83,400,525,-379,-477,762,-39,351,547,-271,-293,767,-27,333,635,-147,-84,779,-26,328,507,17,49,793,-28,332,521,187,200,813,-38,377,459,406,303,832,-51,440,439,528,379,831,-57,512,365,555,390,833,-68,565,244,492,366,808,-75,605,192,454,330,763,-65,650,164,450,339,732,-63,689,153,373,410,774,-115,719,164,296,458,859,-188,749,295,284,372,894,-207,756,397,138,207,875,-187,729,278,-87,18,832,-151,700,130,-250,-144,806,-118,690,50,-299,-243,792,-81,693,7,-350,-318,788,-47,671,-14,-433,-337,797,-18,629,-50,-508,-384,788,20,574,-92,-554,-427
826,-13,535,-145,-116,48,863,-41,534,-92,-77,42,894,-67,511,-90,-71,7,895,-73,481,-118,-95,-20,894,-78,463,-123,-95,-27,886,-68,462,-132,-69,-33,886,-66,479,-146,-35,-37,880,-57,491,-132,-16,-42,877,-55,500,-150,-24,-45,882,-63,505,-148,-47,-48,892,-75,484,-123,-55,-45,899,-87,456,-149,-93,-70,869,-76,413,-132,-97,-73,803,-40,403,-115,20,9,766,-37,453,12,162,224,792,-76,518,166,271,456,844,-126,582,287,302,501,890,-175,592,365,318,457,921,-221,605,295,225,308,944,-259,589,222,106,118,940,-262,573,134,6,-91,917,-236,567,20,-98,-281,893,-198,560,-28,-172,-432,862,-136,529,-100,-204,-537,827,-67,515,-202,-255,-595,811,-3,522,-272,-278,-634,767,87,520,-334,-267,-611,716,160,537,-459,-312,-510,710,180,551,-683,-331,-291,696,107,573,-647,-277,-58
860,-233,451,24,-318,217,874,-261,419,-16,-221,144,894,-285,386,-99,-110,62,894,-293,397,-168,-19,-19,872,-274,428,-196,60,-61,851,-242,472,-218,105,-82,837,-244,476,-228,94,-72,843,-265,409,-233,164,-76,860,-317,296,-391,283,-123,850,-403,226,-691,443,-259,778,-462,223,-922,708,-372,701,-528,292,-1319,803,-526,649,-587,444,-1509,869,-596,607,-622,593,-1621,920,-615,586,-650,714,-1667,779,-680,592,-658,755,-1501,790,-621,577,-642,782,-1312,775,-604,565,-620,801,-1062,595,-573,554,-570,777,-771,539,-474,559,-551,748,-495,388,-372,561,-532,712,-293,262,-289,569,-520,663,-126,134,-181,587,-517,616,0,72,-78,614,-517,566,73,20,1,645,-527,540,68,5,21,659,-526,528,77,-18,26,669,-530,520,50,-12,15,664,-524,524,41,-13,13,664,-523,526,22,-1,10,649,-516,557,18,-8,16
908,-238,353,-11,104,-161,885,-206,381,-352,135,-214,848,-182,440,-583,241,-217,824,-177,513,-603,284,-160,818,-197,585,-498,284,-100,811,-208,596,-408,180,-100,804,-212,581,-287,143,-77,796,-214,543,-276,92,-79,794,-201,510,-308,91,-57,750,-163,509,-325,80,-12,681,-123,519,-367,-14,98,634,-160,595,-405,-49,420,624,-284,680,-318,-244,688,652,-475,725,-72,-599,895,676,-596,684,333,-937,1010,691,-691,569,624,-1241,1018,660,-760,475,878,-1518,1028,652,-776,312,877,-1668,935,649,-823,208,730,-1845,742,662,-850,80,654,-1829,524,647,-853,23,543,-1709,277,644,-860,-34,420,-1627,15,611,-828,-110,464,-1452,-182,600,-812,-174,457,-1342,-286,626,-787,-269,441,-1199,-413,622,-745,-354,519,-934,-429,627,-693,-398,503,-708,-380,641,-653,-401,422,-523,-299,661,-632,-375,304,-337,-206,689,-628,-350,209,-224,-109
881,-390,276,291,-233,264,892,-404,252,207,-146,249,907,-416,243,91,-93,199,911,-417,258,3,-40,130,898,-408,282,-45,-8,83,896,-404,302,-70,1,55,893,-399,312,-63,10,33,888,-390,314,-58,7,14,894,-395,317,-33,20,10,936,-435,296,2,45,1,982,-470,264,-38,49,-86,965,-446,249,-136,5,-202,895,-384,264,-207,-34,-250,829,-327,307,-220,-45,-196,809,-306,344,-181,-52,-94,887,-362,338,-83,-51,25,1058,-469,246,-27,-73,-10,1238,-590,134,-140,-146,-203,1305,-648,96,-419,-199,-659,1250,-590,107,-820,-332,-1129,1134,-468,137,-1295,-558,-1592,1032,-332,149,-1529,-567,-1842,912,-158,193,-1607,-476,-1949,798,2,246,-1530,-384,-1918,663,183,290,-1334,-292,-1796,547,353,323,-1081,-196,-1577,466,506,324,-786,-149,-1242,445,602,306,-552,-127,-940,452,683,265,-320,-126,-649,471,744,219,-196,-92,-438
990,-202,488,203,414,559,972,-210,501,104,322,412,943,-216,532,43,255,290,904,-203,556,0,145,186,878,-198,557,-3,70,131,856,-189,560,-8,41,75,837,-172,561,-8,16,52,829,-167,560,-54,-3,16,821,-163,560,-91,-10,23,816,-159,545,-179,-14,24,818,-199,548,-235,38,54,817,-245,570,-180,89,72,815,-263,570,-57,33,88,813,-270,554,30,3,89,810,-272,536,60,-24,92,813,-276,520,51,-40,91,816,-277,512,9,-22,67,814,-276,516,-39,-4,42,820,-278,519,-70,17,20,829,-294,516,-107,39,-16,831,-305,514,-146,68,-71,843,-323,495,-182,116,-131,833,-325,494,-209,151,-197,813,-309,506,-267,144,-258,797,-287,524,-323,135,-293,778,-264,562,-327,123,-280,760,-236,579,-308,80,-248,736,-192,606,-212,61,-152,726,-167,621,-67,87,-28,720,-164,675,95,115,108
697,-287,689,371,-147,252,695,-293,657,331,-156,234,701,-305,632,254,-162,232,706,-311,616,173,-130,206,709,-306,611,83,-90,174,711,-296,610,23,-41,135,708,-277,623,-48,-2,93,709,-268,646,-79,34,59,709,-265,662,-91,43,38,712,-269,673,-91,34,12,712,-264,680,-88,33,0,706,-261,702,-63,-3,-15,697,-258,699,-23,-41,-10,687,-261,677,10,-71,5,700,-285,637,19,-65,28,719,-330,594,-74,-20,-30,737,-388,545,-185,26,-98,741,-432,503,-385,140,-241,725,-460,495,-632,197,-381,714,-497,495,-903,263,-540,706,-527,490,-1124,447,-682,681,-559,503,-1316,629,-831,632,-542,582,-1450,709,-969,607,-526,634,-1504,721,-1034,589,-509,678,-1417,750,-1022,580,-505,712,-1310,736,-973,575,-498,733,-1064,636,-838,568,-481,736,-835,511,-704,558,-457,734,-551,358,-517,537,-420,734,-284,221,-304
708,-156,689,81,-27,-28,707,-155,685,47,-10,-46,702,-147,682,10,15,-73,710,-155,681,-28,35,-80,713,-161,683,-72,37,-122,723,-169,670,-107,29,-145,740,-185,657,-176,54,-219,751,-202,651,-252,79,-302,741,-205,663,-347,115,-414,727,-205,679,-426,115,-480,710,-201,701,-501,120,-557,705,-192,718,-539,92,-592,701,-185,727,-576,79,-642,692,-169,737,-588,68,-671,675,-151,745,-603,57,-699,666,-122,749,-592,29,-694,668,-107,750,-559,9,-672,670,-92,748,-511,-7,-643,676,-75,747,-452,-17,-606,689,-56,732,-391,-27,-569,701,-31,719,-329,-28,-521,733,-19,702,-255,-25,-466,741,-8,712,-239,-38,-477,726,13,723,-179,-53,-474,716,33,721,-114,-63,-443,710,50,707,-35,-60,-399,704,72,683,21,-45,-361,694,95,664,79,-2,-316,685,121,644,153,58,-261,684,139,644,165,96,-202
527,-553,685,-110,30,-170,517,-535,698,-126,-61,-227,521,-515,692,-104,-76,-225,516,-486,689,-138,-179,-251,524,-454,668,-160,-204,-214,513,-418,661,-186,-205,-147,510,-415,660,-189,-133,18,488,-412,669,-202,-96,183,436,-430,697,-132,-191,438,406,-440,691,22,-272,819,360,-540,673,82,-278,1199,304,-654,722,235,-419,1364,282,-762,727,309,-569,1351,242,-827,723,334,-800,1257,247,-874,689,346,-1034,1171,239,-881,644,437,-1182,1073,244,-875,593,366,-1414,1000,281,-875,538,393,-1487,871,274,-844,524,342,-1513,756,324,-867,480,246,-1577,587,340,-864,438,333,-1440,478,366,-864,401,271,-1416,389,395,-859,324,291,-1260,256,412,-839,283,298,-1141,224,449,-834,215,217,-1043,175,490,-827,161,196,-882,150,533,-808,134,177,-662,150,572,-793,131,90,-466,102,591,-798,157,28,-262,38,598,-790,184,56,-123,38
569,-732,441,-101,-47,-21,594,-743,433,-73,-59,-27,592,-745,417,-83,-108,-13,569,-757,395,-64,-118,86,587,-756,381,-68,-95,224,568,-786,365,-100,-101,259,579,-819,336,-64,-120,214,601,-857,320,-51,-58,48,633,-911,315,-94,-56,-107,668,-936,306,-139,-21,-351,687,-932,306,-230,-50,-585,691,-871,299,-293,-62,-850,706,-797,295,-340,-85,-1020,722,-722,285,-359,-86,-1142,747,-617,284,-390,-102,-1209,779,-528,268,-379,-141,-1240,793,-409,259,-373,-132,-1237,798,-306,246,-343,-187,-1177,832,-197,219,-270,-186,-1064,848,-99,196,-192,-165,-956,878,-7,162,-154,-226,-845,907,78,126,-176,-252,-731,934,134,92,-238,-297,-574,964,141,56,-211,-278,-477,970,176,29,-178,-265,-446,970,204,0,-196,-275,-439,960,238,-18,-168,-277,-470,936,293,-45,-169,-255,-497,918,333,-66,-179,-235,-493,885,391,-79,-126,-172,-503
567,-22,771,456,169,-482,565,30,789,490,149,-272,574,54,806,505,101,11,594,32,817,537,79,214,599,26,837,562,15,388,617,8,815,578,-118,502,640,-2,799,567,-201,572,668,-11,774,578,-268,601,694,-6,740,539,-369,639,728,-38,701,531,-430,646,738,-31,657,472,-482,613,766,-53,593,332,-582,627,779,-74,527,217,-597,596,794,-103,443,124,-577,633,812,-166,385,22,-448,615,825,-239,338,-7,-247,556,861,-301,300,-100,-54,474,897,-362,313,-241,162,296,906,-398,342,-376,305,83,895,-411,384,-578,425,-175,880,-400,419,-725,517,-411,858,-389,482,-834,564,-614,835,-370,533,-801,586,-724,801,-323,573,-757,583,-816,767,-283,595,-655,585,-820,714,-224,620,-571,640,-774,649,-180,691,-523,588,-743,605,-146,731,-503,498,-642,554,-112,782,-470,489,-521,518,-104,801,-454,380,-335,515,-132,806,-390,279,-134
704,38,629,419,111,317,709,29,667,460,175,366,715,12,696,472,147,411,722,-5,703,435,83,426,729,-29,693,416,30,442,724,-45,681,391,0,439,730,-69,668,358,-44,482,741,-117,645,285,-84,468,766,-160,627,230,-95,434,793,-205,604,154,-82,301,803,-209,601,36,-46,122,789,-194,608,10,7,-15,779,-167,631,-53,41,-143,759,-128,656,-61,49,-235,743,-72,655,-83,22,-295,708,-17,651,-120,-2,-320,708,35,647,-95,16,-313,695,82,647,-70,46,-299,693,122,646,-115,33,-213,703,128,655,-220,-43,-135,730,119,662,-297,-60,10,739,80,656,-341,-42,61,754,40,667,-395,-12,129,763,-25,657,-449,-44,169,772,-84,640,-462,-18,163,763,-141,635,-351,58,160,748,-174,632,-290,39,208,752,-229,612,-246,33,250,746,-279,615,-261,35,210,737,-317,616,-134,75,210
-26,640,806,23,-27,-40,-31,649,790,-104,-184,-84,-38,651,784,-213,-313,-109,-34,649,769,-319,-421,-86,-32,605,790,-536,-435,-52,-20,567,808,-592,-407,76,11,488,830,-671,-392,350,67,445,839,-441,-328,438,125,391,877,-363,-331,486,174,345,861,-298,-295,609,214,298,874,-185,-336,670,264,226,854,-348,-445,832,342,171,838,-117,-366,893,392,138,840,-133,-333,753,462,74,818,-217,-274,675,476,59,823,-237,-188,556,503,22,814,-303,-217,432,504,-42,808,-472,-72,359,510,-51,814,-393,-73,306,511,-101,838,-268,-136,333,535,-94,791,-70,-20,342,545,-124,816,-115,60,227,542,-162,855,191,238,187,504,-132,861,426,343,153,484,-115,878,515,362,114,438,-78,920,652,391,102,412,-21,934,764,369,97,385,57,934,828,348,42,358,150,915,663,274,-59,337,208,908,331,152,-166
699,-168,679,-185,-152,-582,684,-150,664,-166,-176,-555,683,-111,665,-19,-165,-429,686,-86,658,116,-76,-260,680,-67,676,310,-41,-95,699,-55,658,438,-80,33,729,-48,648,520,-77,118,755,-42,636,538,-73,174,768,-30,621,579,-113,219,794,-13,594,553,-127,227,805,-3,582,536,-128,236,821,16,555,496,-140,225,826,23,553,489,-96,240,832,42,533,467,-100,233,843,44,522,461,-54,264,841,45,508,462,-28,278,841,34,497,465,5,314,844,18,501,474,66,351,852,2,507,497,94,355,844,15,516,561,87,373,842,9,506,709,112,430,833,9,515,625,150,438,817,7,541,646,187,482,800,14,559,887,258,664,792,11,564,868,339,669,782,2,582,814,337,667,753,-14,604,878,384,747,722,-12,607,791,283,734,723,-4,611,605,174,679,727,-28,622,483,106,569
652,604,398,-796,-242,-76,666,587,423,-781,-181,-19,668,552,464,-726,-51,-68,669,518,504,-599,22,-154,678,499,535,-429,-71,-251,676,503,561,-340,-78,-329,650,509,561,-248,-135,-302,641,519,551,-148,-239,-280,620,533,532,39,-428,-318,625,539,492,187,-733,-320,667,577,444,273,-836,-193,714,575,382,102,-357,-73,691,574,372,-56,-48,-59,697,565,358,-171,34,40,712,542,377,-353,82,76,720,505,414,-376,127,128,740,487,432,-353,64,151,733,470,467,-346,88,146,721,444,485,-275,85,181,720,431,497,-300,116,232,727,398,520,-315,218,252,718,358,557,-341,441,254,696,313,596,-293,569,273,665,282,637,-209,632,306,638,259,672,-187,642,369,621,221,727,-215,585,376,582,189,756,-172,515,376,563,168,783,-72,421,382,536,151,793,-34,379,382,520,128,805,-31,390,396,521,102,833,-28,354,328
937,11,328,106,-812,277,971,-32,241,177,-825,306,1001,-68,181,248,-668,241,1014,-88,133,352,-579,189,1028,-115,59,425,-465,122,1029,-111,38,483,-353,54,1018,-130,1,583,-235,12,1015,-110,-16,692,-155,-26,1012,-113,-33,714,-88,-11,1004,-126,-32,768,88,-49,1006,-109,-20,825,200,-41,1011,-109,-12,825,356,-35,998,-94,23,756,462,-40,996,-87,71,622,448,-16,984,-77,128,538,393,-21,972,-54,162,465,341,-15,958,-36,202,348,269,-25,951,-30,232,243,201,-2,947,-28,250,201,203,-11,937,-28,268,178,276,-64,934,-5,289,176,241,-63,945,10,300,50,243,-31,947,4,336,-80,243,-50,957,11,376,-164,185,-35,961,14,405,-212,182,-27,936,10,430,-194,216,-45,933,16,445,-111,253,-84,932,6,450,-55,266,-126,949,-2,447,-105,238,-134,976,-26,460,-229,101,-157
1006,145,142,42,-317,-155,991,156,116,86,-207,-167,979,161,92,143,-62,-155,970,167,96,277,101,-185,971,188,105,330,238,-198,959,203,121,364,354,-222,955,240,148,336,438,-233,931,271,179,242,389,-218,913,309,209,175,320,-181,889,339,209,-20,30,-82,892,348,208,-229,-313,30,923,333,198,-299,-492,74,912,331,173,-238,-494,87,922,310,122,-133,-548,147,951,276,83,-42,-460,138,965,257,53,48,-317,112,978,242,44,181,-83,54,979,238,38,427,316,-26,971,240,72,561,486,-40,971,248,90,624,651,-21,975,248,124,578,700,24,960,243,146,415,570,71,942,229,170,161,322,111,918,226,174,-45,123,153,926,201,186,-214,-85,204,940,187,199,-241,-96,210,963,166,203,-239,-115,231,986,138,216,-208,-87,214,990,122,222,-94,73,181,977,106,226,-47,162,186
795,-103,537,-426,-606,155,852,-148,502,-435,-639,179,906,-189,469,-273,-399,116,932,-206,468,47,95,-10,918,-189,497,401,567,-129,856,-140,541,572,755,-176,795,-84,576,525,664,-145,729,-26,595,222,288,-20,714,-35,584,-208,-321,148,750,-88,531,-578,-1068,241,872,-184,416,-662,-1347,311,985,-227,370,-314,-522,138,980,-240,397,352,597,-198,908,-168,465,699,1069,-358,790,-53,514,507,752,-245,743,-38,515,-91,-187,25,774,-94,468,-629,-1330,268,979,-157,308,-553,-1272,335,993,-232,344,58,373,-83,927,-159,410,748,1314,-328,779,-56,479,538,933,-237,756,-21,502,-75,-65,53,789,-90,477,-703,-1117,311,977,-173,331,-553,-1076,356,1014,-258,388,194,553,-44,890,-148,480,959,1575,-360,742,-37,503,637,876,-172,720,-36,535,-80,-336,56,779,-62,504,-332,-1085,150,927,-102,418,-273,-537,124
1079,57,148,183,876,200,961,106,197,525,1616,147,821,165,238,23,240,145,853,101,191,-433,-1621,152,1010,50,35,-512,-2326,308,1163,14,3,54,-32,-38,1064,58,77,751,1748,-320,843,155,77,102,511,-35,897,108,47,-431,-1622,79,1085,63,-16,-77,-906,-97,1081,63,1,551,1138,-647,953,168,84,1223,2258,-834,779,282,164,517,1243,-443,814,266,212,-248,-824,62,944,209,166,-300,-1493,178,996,185,72,-252,-975,235,1075,150,41,-186,-218,-26,1033,150,100,159,1397,-423,865,242,215,342,1860,-438,738,319,296,29,1001,-263,704,303,318,-363,-730,69,862,214,246,-518,-1645,470,1029,194,213,-313,-350,110,962,199,265,101,942,-388,803,260,317,165,1561,-443,667,292,386,-228,608,-112,792,275,443,-383,-415,272,976,279,440,-336,194,123,925,271,548,-235,1243,-199,822,299,638,144,1501,-274
863,251,-96,-856,-1984,185,841,190,-298,-922,-2754,490,932,146,-429,-704,-1547,323,934,146,-374,40,1297,-365,833,251,-277,725,2401,-438,727,327,-243,-261,-74,203,823,201,-374,-428,-2291,622,897,117,-556,-214,-1885,661,878,60,-634,-84,-203,134,903,41,-567,184,1621,-84,916,63,-374,491,2328,164,938,74,-154,495,2133,487,960,77,-22,163,1485,667,981,27,47,-273,479,551,1004,-50,54,-468,-185,391,1020,-96,36,-509,-475,264,1024,-128,-13,-420,-599,178,1008,-152,-62,-291,-626,262,998,-201,-147,-140,-514,386,1008,-246,-155,106,-330,411,1000,-269,-174,133,-61,23,1000,-242,-160,85,117,-196,1001,-201,-133,-66,137,-396,1000,-157,-124,-167,162,-500,1000,-108,-113,-318,161,-553,1015,-59,-95,-384,255,-653,974,42,-68,-302,325,-1034,919,116,-95,-336,-642,-1050,1037,184,-117,62,-533,-516,1041,178,-120,361,322,-115
746,-286,552,-597,-1274,-609,868,-308,558,-285,-537,-302,906,-369,655,307,946,222,759,-403,733,761,1994,929,708,-247,750,1227,1598,1262,627,-189,786,992,818,450,573,-139,812,461,-118,-409,561,-84,766,-94,-1197,-1166,619,-98,757,-671,-1571,-1002,718,-86,727,-563,-1169,-631,769,-138,793,84,-169,-131,629,-143,825,781,1416,767,549,-71,787,1236,1206,1441,593,30,716,1003,662,918,539,8,722,695,390,445,576,76,735,255,-72,-339,602,108,735,-468,-944,-1129,577,-9,768,-1377,-1506,-985,668,-65,830,-834,-950,-358,614,-136,872,-204,654,662,500,-212,867,730,1097,1526,664,0,765,868,808,1235,585,-25,715,291,-58,207,563,-54,738,-253,-977,-632,507,-166,928,-240,-579,-300,494,-186,1031,758,737,894,664,62,811,1537,529,1353,581,64,745,757,64,644,613,56,760,-26,-328,-185,561,69,796,-313,-581,-838
57,417,1103,270,241,198,198,291,992,337,151,1290,464,-46,911,48,-58,959,491,-158,825,-209,-183,-471,308,35,833,-643,-207,-1383,44,303,1076,-384,1,-941,13,503,1031,816,419,905,211,191,970,571,468,1753,426,-167,929,325,236,774,396,-130,850,-322,-261,-781,172,161,952,-1059,-434,-1353,4,470,1129,-92,-91,16,148,347,965,446,249,1476,394,-151,959,104,123,1182,448,-292,875,-146,-231,-601,294,-43,878,-707,-406,-1479,70,308,1065,-364,-79,-1132,6,576,976,703,483,881,208,71,1012,472,490,1821,431,-209,946,167,165,962,481,-269,853,-647,-356,-725,198,-9,946,-1077,-319,-1597,3,475,1080,129,194,42,37,450,920,688,466,1691,352,-208,964,149,383,1861,453,-364,917,-90,27,163,344,-228,882,-574,-237,-1183,85,170,1017,-661,-100,-1160,23,421,1031,130,113,751,171,51,1044,484,221,1981
793,-101,817,351,-412,235,652,71,681,-174,-733,-745,328,477,654,-440,-607,-636,205,547,725,-185,-293,830,651,-125,759,563,-209,1631,841,-181,776,188,-409,253,742,-19,744,-800,-1021,-978,572,376,634,-924,-1049,-1212,432,664,503,-294,-364,93,536,261,612,557,182,1482,857,-123,659,631,248,489,859,-114,726,-167,-252,-585,737,96,613,-645,-555,-1226,562,514,570,-378,-291,-695,488,492,644,457,18,807,758,77,576,829,60,1067,864,-20,518,-129,-105,12,800,49,489,-654,-40,-818,616,363,541,-300,517,-1033,425,708,703,80,649,179,518,288,758,428,316,1554,826,-131,617,691,322,617,845,-150,552,-216,7,-472,637,121,595,-639,-14,-1165,418,536,696,-190,301,-564,328,540,755,307,316,1231,635,-32,762,810,396,1501,763,-99,687,303,323,347,748,-77,653,-611,67,-684,556,159,736,-618,294,-1180
668,-138,546,1339,359,1121,697,-41,723,1522,434,1018,698,-101,733,1284,238,951,685,-83,734,1394,229,951,669,-58,707,1511,114,1108,669,-49,678,1265,-160,1353,725,-158,652,939,-349,1375,748,-213,622,778,-369,1241,800,-281,568,699,-299,984,788,-270,543,760,-81,726,777,-258,545,610,67,582,740,-235,571,512,241,433,699,-211,604,400,374,403,684,-223,638,267,475,317,637,-226,675,124,530,181,604,-244,691,-120,554,-39,568,-255,705,-462,593,-239,532,-294,726,-789,639,-502,482,-322,774,-1101,686,-666,443,-374,840,-1244,739,-726,410,-414,853,-1305,715,-715,403,-481,865,-1119,725,-570,376,-493,861,-691,831,-382,300,-467,917,-38,916,-112,216,-397,961,783,802,364,149,-336,986,1320,566,762,88,-253,1009,1511,238,840,109,-176,1014,1309,-38,789,111,-114,1000,1182,-181,629,132,-30,1017,1218,-111,629
360,358,893,-440,331,-282,324,344,949,-596,164,-393,313,299,1001,-740,-119,-537,317,252,1035,-824,-381,-693,317,195,1032,-844,-699,-812,343,161,1015,-760,-954,-815,409,136,941,-727,-1196,-808,499,115,869,-677,-1373,-946,590,114,813,-543,-1593,-1068,646,127,689,-338,-1555,-1063,698,168,600,-406,-1347,-669,803,175,542,-338,-1020,-382,867,207,455,-270,-813,-249,923,193,372,-239,-738,-203,911,213,329,-229,-664,-247,863,239,278,-239,-678,-308,792,281,237,-265,-672,-269,700,311,162,-127,-506,52,664,242,110,-94,-166,420,735,104,148,120,435,863,791,-11,221,300,927,999,833,-90,344,188,1044,992,858,-170,449,74,1055,909,820,-201,564,38,905,824,810,-242,606,-71,660,758,797,-287,640,-137,493,633,779,-312,670,-105,342,521,758,-332,681,38,125,476,819,-379,681,141,-210,419,899,-413,699,414,-177,255
210,88,967,-45,292,39,218,39,993,-228,38,-38,252,14,994,-328,-153,-221,282,-45,971,-598,-71,-545,217,-117,1000,-605,-54,-635,233,-140,1010,-445,-266,-592,299,-125,997,-377,-562,-639,372,-140,987,-507,-1029,-770,397,-158,975,-584,-1707,-556,510,-161,817,-709,-2567,-261,710,-194,550,-912,-2873,-237,778,-183,318,-699,-2317,-419,836,-149,109,-301,-1376,-415,845,-151,12,-4,-509,-300,891,-164,5,443,546,-154,868,-150,90,702,1245,-142,794,-116,259,763,1883,132,700,-100,439,635,2040,570,605,-118,611,256,1560,915,560,-180,713,23,1066,997,540,-260,763,0,639,875,530,-296,794,-23,225,492,538,-335,852,-214,-327,127,561,-333,785,-376,-1273,-333,653,-328,598,-568,-2069,-760,828,-304,385,-181,-1656,-853,927,-250,280,133,-680,-792,931,-198,280,428,295,-506,902,-154,356,615,1033,-242,775,-93,467,502,2002,-30
767,235,198,209,2135,501,740,177,346,129,1971,1196,807,113,491,-79,1142,1100,829,15,530,-375,-200,457,911,-55,470,-697,-1292,-22,988,-81,319,-737,-1689,-412,990,-31,180,-608,-1643,-645,948,40,45,-475,-1869,-831,899,94,-94,-144,-2178,-681,925,201,-339,32,-1720,-380,940,223,-445,-1,-306,-356,976,226,-400,33,1567,-296,943,224,-230,409,2711,-108,867,261,20,612,2877,41,794,298,244,390,2258,51,756,310,384,0,617,76,809,272,362,-260,-1140,268,943,197,232,-452,-1686,112,970,178,82,-334,-1310,-70,969,185,-14,-346,-1234,-215,931,180,-91,-203,-1296,-275,874,212,-206,261,-1642,-76,909,234,-395,150,-1543,89,963,228,-500,67,-298,-10,1021,184,-465,221,1567,-71,1002,176,-280,539,2908,57,892,189,-16,335,2910,309,815,197,266,179,2475,523,719,232,457,-67,1589,714,669,163,577,-339,483,1078
334,37,837,44,976,353,347,28,877,101,90,-122,389,14,869,58,-677,-541,506,-3,833,-208,-1358,-544,671,-14,766,-499,-1676,-478,832,-34,651,-578,-1368,-423,913,-40,640,-84,-11,-35,728,-48,660,880,2222,484,443,77,747,746,2666,755,360,145,871,331,959,513,374,100,897,15,-507,-128,446,120,859,-512,-1731,-420,579,-8,758,-1182,-2554,-459,754,-38,575,-912,-2801,-672,851,-12,338,-436,-3114,-727,938,74,12,139,-3036,-380,1032,81,-285,-69,-1796,-130,1024,54,-279,-88,-100,-329,1025,116,-220,148,1066,-649,977,155,-97,145,2217,-612,777,234,128,423,2776,-369,628,305,330,144,2285,-157,551,334,488,122,1833,177,515,319,617,23,1092,188,527,261,668,27,697,189,499,201,725,89,924,526,475,150,803,181,1201,1133,490,147,868,473,1056,1236,453,167,884,691,852,785,385,215,904,667,613,431
158,-389,925,88,-667,1500,184,-380,883,284,-848,1640,268,-393,818,328,-903,1651,325,-394,761,155,-782,1411,428,-473,743,1,-469,958,434,-494,760,25,2,357,434,-519,766,106,494,-294,346,-471,782,-35,929,-1051,240,-430,857,-451,1175,-1688,76,-394,932,-611,1090,-1847,-36,-377,976,-612,820,-1695,-110,-354,994,-492,523,-1393,-144,-303,987,-316,199,-896,-156,-270,974,-37,-34,-187,-161,-283,953,404,-149,830,-125,-323,939,476,-331,1493,-26,-416,961,459,-614,1711,93,-464,967,420,-811,1594,190,-480,962,532,-826,1203,262,-452,952,473,-1097,798,366,-402,921,374,-1317,337,465,-300,830,169,-1371,-97,513,-214,700,-564,-1418,-527,537,-174,583,-1078,-1160,-621,551,-164,510,-1115,-651,-353,535,-224,466,-938,118,165,549,-332,524,-633,932,425,517,-407,661,-337,1576,512,396,-497,819,-275,1724,381,324,-589,928,-315,1348,78,275,-647,1000,-374,812,-380
247,-448,979,-808,-115,-972,308,-454,951,-802,-384,-1130,364,-461,886,-966,-282,-1241,391,-460,781,-903,-176,-1240,437,-428,706,-912,-144,-1234,486,-435,637,-924,7,-1242,527,-437,577,-510,-233,-742,617,-465,530,-316,-169,-82,633,-524,518,-94,135,852,561,-571,541,-13,244,1344,508,-633,565,-67,133,1339,469,-699,570,74,335,1464,365,-712,590,123,492,1388,252,-737,622,145,588,1112,101,-745,668,87,445,653,18,-751,700,103,176,205,6,-707,699,78,-217,-402,35,-678,665,18,-777,-1203,160,-681,608,67,-1828,-1698,474,-589,468,5,-2349,-1988,702,-511,328,17,-1866,-1912,834,-396,228,244,-1234,-1430,879,-256,140,271,-854,-1096,949,-178,79,242,-497,-522,976,-187,66,336,-54,320,964,-274,86,648,340,1381,902,-350,166,1074,451,1893,805,-423,294,1206,482,1773,722,-466,387,1067,596,1483,617,-477,535,609,678,893
638,56,758,563,687,789,644,16,781,298,596,373,613,12,786,30,488,-153,561,38,767,-253,446,-463,491,29,780,-481,515,-778,383,45,856,-539,672,-1252,276,76,897,-453,790,-1616,146,85,936,-511,906,-1871,18,58,1026,-801,604,-1999,-13,0,1114,-1019,-99,-1854,34,-67,1151,-1115,-866,-1614,173,-136,1077,-1036,-1409,-1311,322,-185,977,-1053,-1603,-1234,459,-187,867,-1027,-1734,-1150,612,-196,778,-1080,-1870,-1095,700,-178,629,-885,-1970,-1063,757,-123,450,-554,-1729,-863,767,-61,309,-33,-1278,-511,765,-53,177,282,-790,-74,784,-80,164,726,-302,433,805,-181,225,1450,331,1127,722,-331,412,1930,860,1942,640,-512,522,1660,527,2285,516,-612,561,1116,-144,2425,453,-769,458,856,-536,2641,370,-875,377,589,-384,2828,228,-996,341,305,-58,2469,141,-1034,338,69,168,1846,63,-1050,340,73,459,1107,-22,-1027,364,53,671,533
522,-889,-254,-322,-340,364,503,-902,-264,11,-132,150,484,-896,-282,127,-198,248,449,-929,-282,254,-123,397,375,-933,-264,196,-219,1306,207,-923,-252,238,-438,2470,-50,-860,-167,782,-350,3799,-345,-691,-94,647,-223,4571,-593,-373,-74,403,-47,5069,-704,1,-82,216,93,5332,-624,386,-97,32,128,5484,-432,657,-112,32,-29,5029,-222,823,-130,102,89,3529,-131,893,-112,252,437,1637,-52,916,-19,-355,681,565,10,976,23,-902,-101,813,21,963,62,-620,-123,878,86,980,75,-271,-36,117,87,990,86,87,130,0,123,1028,105,149,155,-36,208,1018,143,-674,313,272,95,916,114,-517,117,412,144,897,192,-624,125,577,221,828,215,-599,-48,696,301,831,294,-459,-197,784,356,791,316,-155,-273,868,488,818,338,87,-258,1219,612,815,352,56,56,1256,708,772,348,293,15,1152,758,711,296,402,-112,951
865,209,73,205,849,1358,985,2,142,127,630,1355,1013,-97,198,-106,599,1293,1008,-183,213,-177,431,1111,1022,-305,204,-166,285,1004,1003,-376,205,10,186,816,964,-415,222,253,226,969,858,-478,273,284,141,1090,788,-530,317,71,203,996,736,-589,331,128,459,573,714,-600,383,-12,78,111,713,-551,337,-365,-288,-140,743,-554,275,-509,-339,-29,751,-580,240,-349,-44,111,739,-566,237,-169,30,165,704,-584,228,-66,59,795,610,-650,203,-318,-22,1448,538,-853,208,-97,162,1482,436,-946,227,416,499,1373,326,-975,310,407,443,1702,159,-962,315,-158,155,2009,-38,-925,280,-726,209,2620,-269,-741,188,-1032,228,3897,-557,-449,204,-527,-88,4631,-747,-44,139,-575,-104,5103,-856,187,93,-111,317,3614,-769,347,77,-383,258,1376,-771,451,84,-572,49,738,-767,495,168,-796,-293,239,-775,540,244,-834,-970,-226,-783,498,337,-583,-1152,-227
-182,-926,450,604,248,-113,-150,-851,536,1380,-142,-773,-50,-752,642,1419,-498,-1276,53,-641,734,1215,-568,-1468,190,-545,720,843,-718,-1471,315,-437,664,317,-779,-1336,396,-317,612,-602,-1128,-1287,512,-385,556,-1179,-1365,-1493,670,-397,502,-1195,-1108,-1577,893,-391,391,-1258,-1201,-1282,959,-368,275,-997,-1009,-749,1006,-370,141,-749,-1087,-489,1045,-334,38,-557,-1102,-624,1016,-292,-41,-350,-462,-785,1019,-209,-35,-9,261,-950,983,-120,27,435,1155,-1213,951,7,105,437,1392,-1556,912,133,227,250,1293,-1413,874,241,326,67,1251,-1305,822,305,423,-99,987,-1189,774,361,516,-291,550,-1064,712,402,557,-460,81,-964,604,466,574,-661,-721,-920,556,522,568,-751,-1086,-699,525,514,554,-767,-1274,-257,578,495,565,-675,-1374,115,679,419,569,-254,-1059,389,732,371,519,181,-879,729,833,262,441,697,-494,981,861,172,367,1174,-338,1395
927,-288,239,860,371,1532,897,-349,277,728,313,1402,904,-437,269,516,176,1159,824,-493,272,213,143,876,789,-562,296,-10,91,757,809,-628,304,-199,136,601,800,-672,335,-244,126,565,833,-724,378,-242,173,255,856,-741,410,-241,220,-107,858,-727,423,-294,269,-508,878,-673,425,-290,76,-880,914,-607,384,-237,-88,-1351,973,-528,323,-186,-179,-1767,927,-418,279,-272,-138,-1932,924,-252,235,-365,-146,-1730,911,-109,238,-519,-197,-1632,884,35,283,-598,-243,-1470,834,166,313,-639,-187,-1357,756,295,361,-577,-178,-1166,704,383,386,-445,-129,-974,682,441,413,-245,-122,-693,684,480,397,30,-73,-393,705,479,365,255,-37,-161,745,472,318,479,-11,88,800,446,239,658,-9,264,861,417,144,790,-7,429,918,379,60,803,38,463,963,349,-10,692,29,462,1013,316,-93,419,28,350,1029,305,-116,8,-23,192
938,-168,737,142,-44,67,1002,-146,414,1400,-94,165,1042,-114,-137,989,-129,139,1032,-98,-382,-242,-98,24,979,-135,-75,-1235,-216,-73,1009,-166,562,-760,-59,19,982,-158,696,829,154,185,1043,-179,164,1600,418,259,1121,-165,-354,397,84,183,1050,-177,-277,-791,20,-1,978,-190,419,-790,124,-21,916,-169,703,688,205,270,1023,-175,283,1396,480,414,1087,-188,-117,134,90,162,1081,-232,-75,-1248,-224,-223,1015,-238,383,-1328,-228,-221,929,-218,709,277,-256,115,1002,-242,337,1280,297,245,1065,-199,-112,72,59,19,1062,-197,-91,-934,-119,-290,968,-206,363,-890,-25,-125,933,-199,598,589,-145,281,1017,-214,247,1083,301,257,1056,-199,-72,-173,-106,37,1057,-212,4,-1017,-140,-293,950,-213,424,-654,-115,-84,908,-211,564,762,-117,350,979,-242,181,1080,292,391,1031,-227,-90,-99,-127,116,1067,-280,-7,-931,-208,-189
853,-192,633,-389,35,80,917,-264,673,1083,-73,435,1040,-284,36,1352,203,328,1155,-247,-283,-20,-168,18,1013,-270,-44,-1101,-13,-273,891,-264,506,-851,-134,-78,899,-284,698,828,-203,366,1021,-292,252,1379,252,338,1097,-253,-107,151,-25,54,1054,-268,0,-587,-22,-168,956,-237,532,-242,-214,10,971,-234,576,909,-97,172,1032,-214,18,701,507,-84,1035,-225,-183,-850,17,-381,938,-303,201,-1389,77,-375,845,-288,843,73,-140,113,932,-339,660,1717,146,503,1063,-307,-7,810,398,182,1091,-357,-124,-749,-146,-283,972,-369,411,-1008,-181,-203,869,-323,749,580,-310,333,1059,-356,391,1636,382,383,1052,-319,-52,262,493,-182,990,-396,51,-1330,-242,-610,923,-368,742,-753,-389,-169,837,-382,872,1530,-33,580,1119,-367,242,1687,621,235,1039,-385,-68,-307,285,-528,911,-496,261,-1605,-535,-729,884,-390,843,-378,-676,12
207,158,787,-361,1008,190,167,121,886,-389,1358,123,96,55,1150,-526,1354,-109,5,5,1384,-359,977,-388,-63,-63,1499,-219,364,-613,-118,-109,1523,-107,-292,-865,-126,-131,1524,38,-740,-982,-127,-128,1470,149,-1212,-1103,-124,-50,1365,182,-1576,-1189,-89,48,1187,292,-1816,-1051,-22,139,954,401,-1954,-749,76,192,733,520,-1909,-315,216,230,491,545,-1695,0,341,235,328,440,-1393,175,432,217,212,376,-971,287,478,211,168,363,-530,414,526,150,174,386,-96,557,551,65,214,354,184,681,569,0,253,339,451,701,591,-83,316,321,700,745,629,-223,446,300,952,667,614,-285,590,193,1080,520,626,-365,734,110,1112,356,600,-395,846,-6,1009,75,545,-381,900,32,961,-247,435,-237,938,43,974,-571,336,-61,1031,-79,881,-727,268,50,1093,-115,768,-574,221,128,1115,-125,653,-463,210,161,1120,-78,544,-260
383,13,991,-142,-1132,-475,376,104,821,-74,-1125,-379,407,147,653,5,-1031,-221,462,161,526,52,-863,-98,513,162,458,160,-568,45,532,144,440,270,-328,164,554,104,439,359,-103,319,582,60,441,395,68,413,608,-8,479,375,250,523,634,-77,541,363,404,504,638,-112,617,320,505,443,653,-144,682,286,547,380,662,-166,756,281,583,273,652,-143,793,247,555,116,636,-131,844,170,494,51,607,-88,873,142,471,-63,586,-81,922,124,419,-57,553,-51,932,84,319,-126,525,-36,928,70,247,-115,518,-6,911,31,191,-136,505,-3,945,21,152,-129,499,-11,968,53,66,-142,518,-50,966,48,-38,-142,533,-67,929,1,-106,-244,534,-64,950,-47,-114,-336,530,-34,990,-146,-198,-438,522,-30,1057,-254,-339,-450,505,5,1031,-272,-528,-518,499,55,918,-256,-664,-495,522,88,799,-223,-692,-506
988,-402,-213,1376,2162,-503,850,-208,18,1256,2250,-1043,725,-34,236,836,1883,-1402,588,223,421,544,1553,-1665,415,459,556,276,1130,-1583,299,613,662,-223,475,-1419,178,760,743,-735,-418,-1114,188,764,821,-1020,-1201,-460,377,633,814,-863,-1657,236,526,447,725,-607,-1992,453,729,292,523,-69,-1760,441,783,213,373,370,-1412,429,894,79,139,622,-1145,397,971,-41,-27,770,-196,212,971,-60,-34,1489,1459,-37,808,29,127,1568,2878,-258,608,283,332,1202,2301,-843,383,406,503,536,1686,-1023,233,508,595,242,1385,-1108,93,647,658,-205,1092,-1178,-45,678,787,-993,910,-936,-101,533,994,-1346,122,-450,-32,338,1100,-1017,-624,58,214,200,1049,-478,-1717,481,476,86,877,-334,-2322,536,740,22,645,-245,-2207,248,950,43,487,-238,-1734,209,1106,19,408,-35,-504,223,1045,10,495,227,1118,176,771,2,691,-60,1766,11
891,-121,58,1424,2557,335,819,-95,284,1246,2402,324,770,-65,423,900,1557,-16,735,-54,471,273,563,-707,793,4,541,-678,-420,-1512,764,23,618,-1156,-768,-1430,789,140,609,-1300,-1180,-1197,796,132,578,-1449,-1404,-940,860,176,498,-1070,-895,-647,891,259,460,-338,519,-129,793,207,565,-323,1837,76,674,145,688,22,2620,435,501,138,803,476,2777,637,365,148,927,278,2061,323,259,189,1035,9,1115,-111,238,214,1109,-365,-114,-596,258,210,1154,-810,-1294,-719,440,153,1141,-1040,-1927,-354,462,106,1105,-1142,-2062,134,532,-20,896,-1369,-2531,557,629,-139,667,-1262,-2358,410,671,-225,357,-898,-1911,566,688,-336,181,-439,-1277,734,679,-483,14,201,-460,888,660,-602,12,557,-51,1127,649,-664,65,625,38,808,599,-667,102,196,-212,378,728,-654,63,-534,-639,118,743,-699,1,-798,-604,220,727,-734,-43,-189,-13,336
-268,-399,695,-1522,-1911,894,-292,-508,798,-1174,-1526,780,-287,-549,898,-294,-1311,830,-154,-454,972,829,-817,1203,-174,-234,1005,1612,-505,1324,-159,44,1051,2198,-372,1660,-125,331,956,2499,-265,2525,40,480,815,2935,-769,3043,255,641,648,2559,-916,3416,457,655,524,1707,-144,3142,575,584,403,1592,223,2187,571,556,365,1294,-5,959,612,533,301,658,392,379,487,510,258,214,611,913,421,551,233,-54,948,1563,474,472,485,-247,1474,1622,491,334,708,142,1995,1415,479,192,860,312,1847,1536,474,129,938,-224,1291,1393,421,-20,986,-1132,313,1584,467,-294,914,-1425,-215,1697,634,-457,793,-1562,-290,1928,535,-583,734,-1131,71,2777,220,-695,741,-1185,460,2179,169,-807,731,-1343,191,760,122,-723,622,-660,205,-147,142,-694,529,-620,308,-289,190,-671,455,-674,113,-39,178,-734,412,-563,-198,778,85,-805,450,39,326,1456
-111,494,1045,970,313,-2631,-142,418,945,711,1092,-2757,-305,134,728,919,1561,-2966,-518,-175,525,787,1086,-2855,-429,-392,427,129,-83,-2472,-459,-597,395,-278,-246,-1429,-490,-667,324,-158,-385,-372,-506,-582,421,85,-644,648,-500,-430,533,11,-819,1341,-449,-184,720,166,-798,1808,-479,109,784,123,-871,1987,-432,246,810,108,-678,1757,-376,358,804,248,-600,1639,-353,541,867,243,-403,1336,-372,637,882,438,21,568,-412,614,783,818,694,-350,-482,573,641,1744,1488,-1068,-618,509,426,2372,2017,-1577,-756,392,265,2383,2290,-1742,-723,256,63,2233,3059,-1980,-743,44,-421,1132,3698,-1242,-656,20,-650,723,2745,-317,-526,15,-746,556,2122,-91,-409,-3,-866,394,1829,50,-280,-24,-913,338,1713,214,-180,-46,-979,343,1445,271,-30,-84,-941,413,1197,274,60,-102,-961,260,954,271,117,-113,-985,295,478,177,128,-144,-986,244,288,149
-690,-110,30,-285,-4001,211,-609,-155,361,-636,-3390,27,-465,-175,563,-686,-2945,-613,-276,-283,713,-599,-2363,-1045,-92,-350,804,-528,-1874,-1077,41,-365,857,-521,-1370,-1119,180,-393,906,-282,-705,-1268,296,-448,1005,-71,147,-1551,359,-481,1096,122,1548,-1760,292,-511,1091,91,2765,-1654,94,-536,991,6,3877,-949,-156,-497,798,-264,4388,-358,-393,-441,527,-323,4451,153,-535,-383,256,-579,4253,120,-603,-312,-63,-717,3728,83,-621,-261,-328,-905,3061,-38,-577,-166,-570,-1027,2199,-177,-585,-81,-745,-1028,1724,-382,-563,14,-862,-868,1095,-856,-468,82,-991,-699,264,-1134,-498,110,-1033,-537,-1236,-1388,-530,104,-953,-571,-2549,-1292,-586,45,-802,-628,-2872,-1159,-668,13,-607,-680,-3351,-894,-681,-7,-364,-457,-3908,-642,-634,-86,-24,-171,-3709,-770,-490,-137,308,-41,-3298,-1023,-330,-217,571,-442,-3040,-941,-157,-292,668,-762,-2788,-985,45,-360,764,-597,-2151,-1277
-149,967,60,352,238,2446,45,988,20,294,315,2668,245,1023,20,301,339,2224,399,1051,46,10,479,978,466,1007,40,-355,913,-481,467,977,46,-555,828,-1141,306,943,95,-743,555,-1763,149,892,189,-694,364,-1936,-49,745,224,-682,263,-2154,-360,605,291,-747,154,-2151,-577,428,366,-386,-199,-2086,-685,322,482,430,-928,-2003,-719,246,594,650,-1193,-1828,-722,120,740,223,-664,-905,-726,155,730,42,-125,-143,-706,180,684,-331,234,192,-699,159,653,-403,217,778,-615,230,678,-565,255,1426,-478,307,704,-674,343,1926,-317,453,753,-596,406,2167,-201,572,765,-457,448,2082,-110,691,721,-160,410,1763,-39,744,670,17,300,1347,90,869,632,-5,350,855,54,900,599,195,628,-191,-74,880,538,1050,287,-1442,-253,860,452,1440,-527,-2568,-447,747,457,936,-1004,-2580,-488,506,483,341,-1153,-2331,-509,256,570,25,-1354,-2070
-900,341,75,104,243,38,-933,325,128,118,-897,-153,-885,289,336,33,-2125,-337,-707,261,541,51,-2720,-325,-555,220,705,-349,-2657,-286,-371,84,797,-711,-2101,-459,-247,-8,882,-739,-1559,-665,-132,-121,969,-609,-728,-866,-129,-202,1037,-159,276,-1043,-196,-188,1055,180,1123,-979,-317,-180,1001,319,1978,-803,-464,-167,898,663,2863,-512,-626,-154,744,1027,3533,-252,-696,-112,430,755,3872,-247,-818,-85,74,403,3554,-54,-841,-42,-168,169,2321,-185,-833,-14,-346,-90,1180,-335,-877,13,-451,-189,159,-455,-880,11,-449,-296,-749,-471,-887,-5,-419,-435,-999,-357,-913,-3,-348,-462,-1002,-256,-950,6,-274,-571,-1141,-290,-957,4,-134,-689,-1531,-311,-907,-35,-3,-737,-1817,-328,-820,-146,182,-653,-1805,-535,-732,-292,309,-634,-1467,-818,-595,-471,419,-449,-1072,-728,-494,-591,494,-96,-475,-550,-432,-605,567,137,379,-499,-501,-568,566,295,1240,-44
-297,-180,771,-470,250,-1435,-319,-356,772,-334,127,-1143,-275,-460,794,-149,234,-381,-319,-349,781,-48,202,533,-367,-224,802,32,204,1193,-426,36,736,14,32,1712,-390,143,723,-132,-183,1974,-373,301,746,-81,-115,1837,-349,344,756,-133,-122,1503,-322,400,784,-158,-94,1507,-297,500,845,-430,-94,1366,-279,605,918,-441,14,864,-280,607,949,-411,222,1,-312,506,945,-277,301,-665,-332,352,931,-206,299,-1036,-385,240,932,-276,284,-1120,-426,84,886,-227,433,-1298,-460,-53,827,-99,515,-1354,-497,-194,745,-86,585,-1357,-518,-309,682,-70,577,-1257,-512,-467,633,-44,532,-915,-527,-543,622,152,616,-413,-537,-485,587,102,469,290,-563,-383,593,150,239,907,-573,-180,633,203,15,1466,-555,41,693,185,-149,1712,-543,245,717,205,-75,1627,-537,393,684,272,12,1717,-483,501,619,178,134,1791,-435,548,581,-316,158,1359
-508,-441,533,498,59,-641,-399,-452,606,178,-170,48,-359,-423,631,-224,-276,647,-402,-331,588,-305,-334,1204,-531,-142,605,-329,-509,1561,-670,63,655,-365,-651,1581,-775,196,699,-282,-550,1272,-852,293,702,-186,-367,744,-876,295,661,-100,-229,155,-826,249,641,78,-181,-367,-763,155,576,366,5,-750,-707,106,598,624,-110,-901,-635,74,698,729,-233,-950,-462,-2,822,624,-256,-894,-305,-140,919,421,-25,-530,-326,-153,908,148,146,56,-477,-24,842,-266,293,623,-639,24,750,-583,296,751,-715,74,687,-665,152,721,-744,97,673,-734,27,694,-728,88,661,-830,-30,674,-687,53,653,-970,-144,875,-750,46,632,-794,-250,793,-792,102,659,-272,-346,346,-783,105,737,30,-439,-132,-728,44,795,264,-380,-514,-684,22,836,420,-247,-733,-575,-39,854,462,-168,-967,-449,-123,859,432,-168,-1031,-327,-203,863,397,-188,-904
-816,-55,431,-905,-271,1528,-890,82,428,-917,-273,1435,-886,206,390,-1063,-379,1268,-907,255,405,-1152,-569,1093,-910,289,483,-1037,-684,495,-891,251,576,-721,-597,-168,-820,149,643,-409,-464,-930,-721,-7,666,-121,-299,-1388,-594,-210,680,56,-161,-1618,-476,-424,672,205,-15,-1491,-396,-567,669,256,-7,-1120,-344,-644,668,184,-146,-428,-316,-620,686,118,-300,207,-322,-493,790,82,-426,850,-367,-339,855,-81,-419,1254,-432,-212,870,21,-214,1445,-490,-40,877,-14,-85,1538,-595,200,887,-129,67,1371,-690,341,824,-259,114,631,-697,332,733,59,177,-404,-625,188,692,575,209,-1302,-547,37,693,764,163,-1731,-436,-173,705,628,-93,-1795,-332,-350,765,695,-213,-1625,-199,-453,860,670,-256,-971,-196,-418,891,609,-56,-292,-273,-360,866,644,78,211,-357,-190,869,859,221,512,-407,-21,859,720,197,684,-479,140,828,754,180,683
-355,-48,876,228,426,-1462,-271,-249,823,175,359,-1433,-179,-392,804,84,194,-904,-132,-407,800,-62,16,-122,-168,-324,800,-205,-128,723,-256,-181,824,-281,-245,1186,-353,-23,863,-293,-332,1345,-466,139,937,-148,-344,1243,-581,269,1003,-7,-173,684,-621,286,978,216,2,28,-543,191,935,306,90,-781,-447,54,880,420,220,-1237,-315,-100,856,338,169,-1382,-206,-263,828,222,119,-1019,-152,-380,817,130,-24,-129,-181,-297,833,-3,-293,772,-238,-118,905,-74,-430,1274,-340,135,990,-123,-413,1326,-449,324,1024,-120,-249,843,-494,354,1006,68,37,39,-461,284,972,158,164,-690,-369,121,917,175,185,-1113,-279,-47,879,139,172,-1109,-198,-199,845,79,51,-651,-163,-247,844,-32,-147,59,-207,-245,852,-202,-352,760,-228,-129,895,-152,-458,1165,-298,125,1016,-248,-457,1241,-375,262,1065,-194,-271,558,-366,238,1033,81,49,-179
-354,565,728,1143,-198,-782,-370,595,696,676,147,-486,-441,642,643,71,282,-132,-602,632,609,-493,478,120,-782,622,522,-694,542,116,-912,611,408,-765,655,73,-903,501,335,-692,648,-81,-819,376,268,-658,438,-300,-747,279,217,-683,238,-145,-732,262,151,-490,33,1,-782,313,133,-251,-14,151,-913,401,182,-55,-57,183,-1002,467,260,120,-100,10,-978,473,392,268,-266,-310,-856,443,551,437,-218,-541,-677,365,657,524,-43,-608,-507,295,724,368,34,-328,-413,298,783,130,101,63,-452,346,767,-121,307,422,-686,503,747,-443,283,595,-1010,624,614,-714,418,390,-1119,580,422,-845,501,55,-1016,431,269,-774,521,-249,-892,302,145,-650,467,-329,-730,219,76,-427,235,-230,-627,171,66,-174,85,-47,-678,180,63,129,-99,202,-842,308,82,386,-282,337,-1051,445,173,658,-426,203,-1127,528,330,817,-491,-112
-1429,350,607,-364,1,250,-1216,208,513,-180,302,-503,-876,-6,417,-1,511,-808,-447,-244,295,35,401,-649,-190,-388,261,-96,-315,62,-272,-286,466,-387,-1146,858,-798,-6,855,-590,-1302,1042,-1286,273,991,-412,-544,486,-1233,258,814,-85,327,-372,-886,66,610,168,666,-964,-400,-220,444,427,381,-1117,-45,-515,483,523,-265,-173,-186,-260,737,-266,-1132,1491,-768,182,1065,-885,-1383,1449,-1079,360,1171,-374,-82,354,-937,266,987,273,1083,-882,-520,-80,718,526,1361,-1561,-167,-385,576,421,783,-1193,54,-565,514,200,-94,313,-225,-202,729,-388,-931,1710,-852,225,1032,-755,-1018,1476,-1151,349,1094,-304,141,357,-1060,236,912,40,996,-535,-731,-26,656,-66,1006,-1203,-360,-322,475,83,845,-1185,-84,-540,356,15,152,-326,-56,-541,394,-194,-829,822,-447,-212,698,-616,-1389,1558,-900,50,957,-499,-931,956,-1134,135,1045,-80,182,-99
-737,889,361,-582,381,1107,-781,860,306,-245,327,-184,-740,680,251,327,339,-911,-718,427,166,406,225,-793,-652,277,112,272,-121,-186,-663,419,139,224,-378,504,-663,558,171,119,-716,692,-657,715,284,75,-1013,485,-664,803,414,150,-1089,43,-703,996,546,292,-1003,-713,-630,843,670,613,-782,-1799,-603,613,672,955,-404,-2273,-505,279,634,942,-320,-2135,-413,26,658,590,-499,-1352,-299,-90,731,139,-640,-34,-256,-49,844,-649,-893,1201,-162,86,1139,-1244,-937,2231,-177,293,1321,-1305,-275,2490,-319,510,1283,-960,687,1995,-462,580,983,-694,1377,1294,-532,543,652,-493,1490,719,-551,435,387,-371,1149,443,-553,396,235,-140,564,340,-572,425,200,216,-224,228,-581,560,305,614,-881,-17,-568,668,548,844,-1244,-304,-566,756,741,943,-1150,-802,-537,720,880,1261,-800,-1472,-512,613,873,1389,-502,-1921,-436,442,845,1491,-198,-2224
-488,343,501,1274,1061,176,-503,493,431,36,777,1141,-431,655,414,-686,756,1714,-394,897,405,-633,1250,1911,-374,1115,285,-1212,1423,1774,-328,1135,207,-1703,1212,1392,-332,1164,189,-1875,933,923,-311,1114,218,-2063,383,294,-335,1031,293,-1975,-152,-305,-252,874,453,-1598,-706,-1121,-201,734,681,-976,-948,-1677,-119,586,891,-172,-777,-2272,-132,508,1047,800,-152,-2671,-196,431,1089,1597,876,-2902,-332,398,1000,1925,1622,-2522,-474,367,854,1666,1857,-1899,-568,384,706,964,1689,-1161,-647,467,533,-359,868,-345,-648,541,455,-2451,473,640,-722,665,342,-3284,372,1139,-786,730,305,-3290,141,675,-758,651,384,-3275,-228,168,-730,455,441,-3167,-425,-299,-693,293,521,-2586,-396,-664,-610,83,584,-1647,-7,-1262,-494,-108,650,-403,628,-1777,-400,-304,706,1072,1750,-2015,-408,-419,780,2359,2360,-1803,-485,-442,849,3165,2909,-1555,-534,-455,734,2978,2967,-1016
-970,329,400,3404,923,-1204,-997,231,336,3027,933,-1163,-975,142,275,2361,979,-1071,-948,102,172,1285,873,-928,-883,46,-5,201,671,-705,-894,46,-241,-205,603,-698,-830,-65,-475,45,426,-823,-804,-195,-575,688,311,-826,-736,-314,-488,1093,306,-864,-640,-380,-312,1160,784,-592,-576,-430,-258,710,1633,-45,-524,-394,-422,139,2264,252,-421,-383,-708,-398,2310,261,-351,-364,-1048,-421,1613,242,-306,-345,-1153,-389,685,360,-380,-291,-1281,-137,-361,294,-407,-242,-1141,117,-1557,157,-495,-207,-896,464,-1977,-8,-538,-202,-553,285,-1958,6,-598,-307,-209,-831,-1844,324,-543,-441,-6,-1016,-812,1021,-572,-112,-114,-850,566,1829,-714,274,-564,-641,903,1633,-775,416,-781,-315,79,851,-797,364,-716,476,-575,113,-796,218,-506,1072,-748,-192,-834,121,-190,1185,-274,-81,-820,172,-1,591,533,138,-724,281,-137,-364,1556,444,-661,386,-601,-793,1643,544
-155,-878,835,-640,527,-946,-119,-965,755,-107,1050,-617,-93,-1019,659,1093,1692,-49,-136,-921,573,2073,2039,573,-214,-700,489,2531,1846,1328,-304,-423,522,1911,1304,1726,-380,-136,659,325,451,1901,-500,142,900,-1281,40,1818,-556,200,1025,-2159,95,1310,-586,192,1014,-2600,298,965,-621,153,938,-2572,372,754,-646,74,789,-2229,433,455,-657,5,638,-1602,440,79,-667,-38,575,-574,452,-465,-593,-85,574,-29,376,-1247,-454,-287,652,785,415,-1991,-311,-504,847,1337,594,-2412,-141,-701,1052,1839,1225,-2334,-56,-757,1078,2120,2013,-1870,-37,-767,981,2303,2635,-1072,-161,-681,867,1793,2510,0,-300,-459,722,649,1861,892,-477,-140,609,-381,1118,1343,-655,114,585,-1614,307,1271,-730,221,578,-2354,-217,1053,-778,246,585,-2164,-180,665,-834,271,595,-1856,-182,154,-838,202,642,-1044,160,-417,-819,105,630,-52,632,-941,-759,-30,650,970,1185,-1271
-577,25,715,1290,1435,296,-726,121,586,1392,1803,-57,-882,215,441,514,944,136,-883,300,484,-1047,-494,418,-751,219,583,-1912,-2047,531,-589,61,654,-2224,-1864,362,-449,-35,684,-1803,-1621,74,-356,-111,783,-1100,-1223,-482,-250,-216,898,-284,-534,-914,-204,-283,1025,449,298,-1230,-255,-317,1098,1072,903,-1342,-270,-243,1152,1478,1757,-1204,-403,-170,1112,1548,2510,-892,-558,-107,945,1472,3129,-586,-722,-8,704,1354,3247,-649,-844,7,452,315,2074,-607,-818,44,377,-753,916,-575,-798,48,265,-1683,-463,-195,-742,78,304,-2545,-1840,518,-662,64,430,-2844,-2166,1262,-600,98,572,-2753,-1893,1488,-590,139,707,-2772,-1549,1218,-597,109,809,-2618,-1027,411,-546,76,850,-2364,-534,-671,-381,-109,805,-2067,54,-1749,-190,-366,705,-1861,380,-2130,33,-588,589,-1458,847,-2373,274,-761,530,-1047,1334,-2294,480,-952,487,-116,2290,-1404,526,-1050,519,1133,3575,-528
-432,443,-805,-1100,129,-378,-404,528,-812,-2130,154,-440,-387,610,-725,-2916,-132,-251,-385,651,-513,-2790,39,-225,-433,634,-323,-946,194,-39,-433,699,-272,1249,123,792,-316,717,-462,2925,361,1435,-253,736,-720,2909,375,1682,-166,672,-848,1353,125,1227,-81,643,-846,-1104,-105,908,-41,589,-778,-1491,115,1146,7,593,-714,-208,-119,1587,97,579,-749,1065,-654,1989,202,531,-855,1467,-820,1785,240,451,-932,1436,-753,1036,286,476,-978,-236,-88,112,364,573,-947,-2415,1149,-1153,239,597,-775,-2443,1515,-1915,33,582,-623,-272,420,-1330,16,625,-684,2122,-544,-1162,-24,549,-806,2621,742,-746,-50,403,-1021,1373,389,-368,-2,482,-1090,-1381,-405,-763,32,518,-973,-3124,-528,-921,-171,550,-675,-1821,-388,-616,-228,599,-479,243,-193,-295,-175,588,-577,2592,237,-168,-200,544,-825,2898,774,55,-164,500,-973,1380,400,199,-120,641,-1014,-1228,-374,-193
-387,749,-304,-2819,-239,-183,-474,647,-168,-1074,29,-162,-455,765,-194,1183,-61,-167,-426,824,-300,2059,602,-145,-466,903,-445,849,417,-8,-385,973,-394,-1718,-45,-26,-368,868,-219,-3239,0,538,-440,786,-34,-2104,238,586,-435,740,29,134,-41,55,-319,872,-141,2542,107,-686,-434,922,-294,1716,38,-91,-450,989,-342,155,-242,-159,-426,1010,-256,-2105,-475,-43,-439,857,-121,-2539,77,590,-487,778,-93,-895,-62,369,-400,781,-132,1667,-266,-351,-433,900,-225,2519,256,-297,-454,893,-306,1072,1,-44,-431,978,-221,-1177,-125,192,-363,978,-81,-2882,210,971,-410,940,3,-1942,434,910,-361,892,25,-254,23,317,-281,920,2,1231,-318,-135,-281,954,-61,1788,-315,-535,-292,1034,34,-50,-313,-145,-217,997,126,-2302,95,918,-344,976,115,-1761,558,895,-300,908,130,-88,-93,510,-189,987,165,1265,-544,129,-212,948,64,1965,-624,-501
593,98,372,-51,-273,281,582,-224,359,96,-396,1668,617,-577,312,359,-135,2179,499,-783,309,203,13,2430,359,-939,287,-175,-95,2286,225,-1055,230,-147,-119,2433,49,-948,264,86,105,2983,-182,-808,268,-355,168,3782,-429,-622,263,-235,149,4553,-680,-299,281,-92,2,5060,-794,16,251,-304,152,5004,-812,316,219,-262,229,3926,-772,479,208,-322,46,1915,-730,535,254,-458,-657,484,-690,588,334,-932,-1217,-122,-719,505,422,-872,-890,-543,-784,475,628,-1409,-562,-1616,-793,356,752,-1824,-447,-2292,-697,38,670,-2079,-174,-2131,-686,-95,554,-1984,-274,-2140,-368,-353,328,-1479,-118,-2796,-175,-513,258,-1038,-386,-2479,7,-665,232,-431,-522,-2064,107,-717,308,59,-641,-2100,319,-713,414,401,-698,-2375,463,-698,539,373,-623,-1950,580,-661,532,92,-687,-1557,692,-586,486,55,-409,-1336,751,-470,455,157,-247,-1641,842,-279,436,342,-227,-2236
62,-325,788,818,280,2547,-178,-291,787,792,569,2875,-301,-185,778,989,783,3087,-421,13,785,1098,933,3342,-460,211,793,805,841,3790,-425,394,794,463,647,3929,-358,542,788,119,560,3532,-284,606,781,-30,527,2692,-231,650,768,-143,426,1562,-168,636,747,-530,320,589,-167,541,750,-985,492,-65,-205,411,788,-1301,405,-279,-297,199,820,-1211,157,-318,-284,102,882,-717,211,-172,-327,58,899,-361,115,133,-320,23,906,450,-7,292,-284,36,889,873,-356,904,-140,140,864,920,-670,1822,99,392,820,758,-725,2293,248,659,816,520,-474,1765,347,787,796,508,-126,793,480,1010,814,373,244,-619,477,839,782,476,878,-2556,215,430,706,593,860,-3300,-135,215,664,368,548,-2661,-381,58,611,153,289,-1633,-512,50,610,-277,28,-658,-577,117,674,-558,-99,-40,-575,294,809,-882,8,113,-584,323,833,-914,368,-255
-51,-526,846,-92,-385,1115,-169,-470,843,-81,-355,1064,-270,-400,868,-69,-345,947,-347,-342,896,-42,-245,602,-390,-331,906,139,36,76,-348,-297,901,317,379,-598,-331,-285,925,531,870,-1053,-231,-350,967,734,974,-970,-127,-443,990,835,1144,-881,-107,-520,998,1112,1502,-599,-203,-484,904,1464,1997,-129,-325,-399,824,1677,2157,411,-439,-261,746,1602,2158,1027,-515,-96,663,1030,1807,1444,-572,138,611,273,1533,1729,-639,443,534,-627,1272,1659,-684,693,525,-1964,812,1182,-712,807,543,-3299,271,660,-753,746,581,-3784,-103,88,-727,551,589,-3766,-350,-501,-664,354,565,-3343,-393,-1008,-556,139,544,-2452,-227,-1514,-406,-80,565,-1414,4,-1913,-183,-313,672,-291,343,-2284,33,-514,812,578,779,-2378,182,-668,983,1158,1347,-2073,223,-729,1057,1313,1859,-1553,157,-719,1047,1542,2480,-797,-25,-599,944,1409,2660,-131,-176,-511,823,796,2168,299
-798,719,387,143,-192,-207,-778,676,384,94,-439,-733,-706,557,439,373,-634,-1270,-625,414,608,606,-669,-1414,-576,297,742,665,-341,-1314,-558,189,775,519,217,-978,-546,82,653,227,855,-366,-562,94,499,-20,1305,343,-599,258,337,-602,1520,1035,-728,576,191,-1266,1253,1412,-806,765,181,-1952,681,1381,-845,862,211,-2545,275,1067,-820,822,270,-2771,-51,607,-804,721,373,-2720,-258,-4,-729,564,418,-2663,-503,-615,-608,301,463,-2121,-578,-1031,-534,144,520,-1462,-599,-1323,-422,-19,608,-747,-576,-1635,-296,-144,718,-206,-518,-1798,-143,-254,890,160,-462,-1824,-22,-352,1046,281,-203,-1692,43,-415,1150,260,215,-1446,74,-467,1177,165,733,-1219,56,-480,1118,145,1261,-928,-12,-513,985,-46,1502,-617,-98,-550,827,-273,1465,-173,-177,-554,654,-493,1231,358,-252,-517,526,-559,956,841,-323,-431,445,-663,427,1197,-391,-316,459,-713,-88,1334
-322,-105,816,-348,-568,-659,-250,-144,920,237,-457,-889,-190,-165,1000,798,-237,-898,-211,-63,1044,1468,65,-914,-224,47,1095,1958,371,-1069,-254,156,1085,2293,775,-1195,-279,216,1045,2221,1002,-1065,-338,273,951,1604,1077,-622,-388,306,848,955,1096,-132,-437,381,740,415,1029,314,-467,478,674,-36,959,597,-501,619,656,-663,831,711,-515,703,659,-1591,710,676,-514,718,662,-2104,680,612,-516,636,669,-2344,748,571,-576,566,653,-2122,842,484,-625,459,609,-1847,775,193,-640,338,556,-1591,671,-98,-637,183,473,-1308,436,-437,-626,51,432,-898,139,-672,-603,-79,506,-342,-245,-786,-601,-125,602,205,-447,-830,-584,-110,706,696,-598,-1046,-524,-115,818,1355,-540,-1326,-473,-55,967,2173,-175,-1493,-447,13,1081,2472,331,-1411,-491,58,1036,2577,843,-1157,-564,128,900,2430,1170,-826,-619,190,771,2092,1295,-501,-677,289,643,1332,1217,-182
-806,261,-218,115,1171,-743,-856,341,-382,-1038,731,-541,-883,457,-517,-2644,-173,-360,-896,505,-463,-3823,-726,-203,-900,520,-303,-4348,-1041,-216,-887,481,-157,-4371,-1275,-310,-851,349,0,-3739,-1436,-541,-767,209,188,-2931,-1600,-815,-647,38,351,-2094,-1605,-1097,-470,-111,511,-1086,-1375,-1355,-303,-207,682,-97,-1014,-1503,-189,-205,865,1009,-415,-1607,-148,-169,1004,1782,143,-1600,-180,-48,1094,2467,926,-1510,-275,89,1075,2734,1543,-1397,-406,216,922,2884,2138,-1189,-509,303,687,2877,2442,-943,-601,379,420,2527,2653,-697,-644,426,90,2007,2612,-547,-655,425,-199,1491,2398,-504,-642,444,-436,928,1863,-488,-649,491,-578,-35,1233,-529,-647,551,-698,-1596,128,-610,-668,651,-688,-3162,-870,-409,-695,691,-524,-4266,-1343,16,-679,574,-249,-4320,-1475,-37,-648,491,55,-3693,-1356,-20,-599,364,265,-3006,-1334,-156,-518,224,453,-2040,-1227,-378,-429,113,556,-730,-927,-636
216,-462,1087,1103,1457,-1634,53,-368,1172,1737,2422,-1618,-130,-170,1166,1860,3152,-1580,-316,-56,1021,1313,3094,-1382,-455,-66,812,615,2725,-1078,-565,-45,616,-343,2015,-569,-790,-5,454,-1700,781,187,-911,-12,370,-2844,-219,309,-887,-94,364,-2916,-569,278,-880,-83,357,-2970,-823,332,-846,-112,368,-2846,-1055,101,-824,-148,369,-2355,-991,-138,-776,-187,381,-1995,-973,-576,-674,-273,410,-1409,-747,-1083,-532,-375,423,-860,-410,-1570,-336,-528,471,-139,76,-1872,-156,-697,568,458,599,-1873,-28,-807,698,1247,1502,-1647,0,-849,828,2008,2442,-1344,-71,-753,914,2397,3266,-863,-257,-647,901,2841,4011,-554,-445,-496,709,2541,4186,-66,-570,-367,494,1809,3594,323,-683,-194,200,652,2695,655,-778,36,58,-262,1992,537,-841,191,-207,-1110,1313,202,-880,296,-310,-2254,134,-222,-912,344,-330,-2896,-581,-430,-934,321,-248,-2994,-1106,-576,-928,313,-145,-2833,-1448,-763
232,-252,1654,111,345,-180,111,-161,1444,184,1821,-323,-17,-144,1008,446,2725,-580,-104,-243,630,601,2587,-684,-141,-341,362,343,1697,-445,-118,-364,231,79,269,111,-105,-259,320,195,-696,612,-113,-71,580,-37,-1844,917,-38,-2,1040,-287,-2514,891,-6,45,1581,-152,-1754,634,-76,60,1739,-156,-569,378,-117,81,1580,-310,589,88,-105,22,1322,-482,1295,-185,-100,-98,924,-673,1587,-243,-139,-218,596,-732,1286,-129,-199,-324,329,-523,827,65,-233,-325,203,-54,122,218,-242,-249,323,254,-785,354,-229,-177,614,294,-1519,247,-166,-165,955,173,-1838,147,-53,-166,1402,128,-1516,27,-23,-122,1678,142,-337,-26,-50,-107,1575,-252,984,5,-53,-109,1239,-574,1899,35,-146,-218,733,-764,2123,154,-208,-292,354,-487,1768,209,-272,-293,95,-206,813,262,-283,-243,55,174,-440,205,-233,-136,304,536,-1736,60,-142,-116,804,238,-2615,-133
-748,739,821,-2250,-185,917,-726,624,862,-2292,91,430,-684,456,845,-2240,363,-134,-625,259,716,-2294,430,-427,-566,51,458,-2123,186,-546,-530,-83,264,-1576,-55,-598,-496,-164,222,-811,-441,-846,-403,-248,280,-248,-782,-1118,-221,-298,474,368,-1104,-1444,-38,-369,842,759,-1122,-1749,158,-470,1177,537,-775,-1607,244,-533,1311,240,-301,-1242,247,-531,1278,298,681,-879,203,-498,1176,475,1507,-639,109,-466,993,787,2277,-345,-26,-428,780,892,2457,49,-142,-385,583,794,2126,501,-272,-299,428,706,1391,1101,-348,-128,456,607,801,1667,-517,292,629,218,477,2034,-664,590,770,-261,259,1786,-738,696,821,-860,238,1108,-687,591,785,-1062,428,639,-665,519,815,-1359,619,295,-647,407,757,-1789,702,50,-656,276,602,-1936,749,-142,-674,176,388,-1898,542,-336,-682,71,169,-1547,85,-605,-625,-4,137,-844,-539,-1034,-499,-68,256,-217,-1043,-1467
-160,-92,720,697,-1425,-2524,98,-295,1137,569,-1138,-2531,215,-442,1387,740,88,-1865,124,-424,1350,938,1412,-1270,9,-397,1150,1078,2206,-785,-126,-344,875,1242,2591,-357,-206,-316,632,1112,2291,194,-310,-226,517,743,1520,958,-372,-61,535,80,780,1627,-500,286,664,-521,468,2070,-616,591,843,-1147,328,1852,-699,736,968,-1897,524,1273,-695,701,904,-2392,782,730,-696,557,677,-2600,886,101,-692,426,398,-2457,669,-441,-629,259,144,-1789,182,-1055,-515,112,137,-701,-383,-1546,-356,-5,298,44,-866,-1987,-156,-144,581,523,-1130,-2281,83,-241,888,593,-1187,-2552,329,-398,1261,797,-608,-2389,369,-411,1472,823,441,-1934,300,-351,1454,839,1702,-1541,182,-274,1307,843,2645,-1347,55,-268,1045,720,3072,-1069,-34,-309,771,654,3172,-559,-169,-311,461,710,2991,192,-280,-226,298,365,2025,1170,-391,68,322,-558,844,2200,-578,572,513,-1463,454,2596
-268,-342,1258,1263,400,-1922,-245,-340,1183,1084,947,-1949,-176,-375,974,768,1169,-1871,-103,-466,789,519,1034,-1600,-13,-600,699,240,570,-918,32,-680,747,-121,-7,387,-33,-596,869,-606,-600,1627,-156,-342,999,-1001,-814,2558,-448,-25,1016,-945,-518,2367,-627,139,881,-558,-258,1163,-638,165,781,34,-71,-147,-511,93,794,755,193,-1399,-317,-53,889,860,243,-2084,-144,-374,936,708,364,-1937,-39,-587,951,510,359,-999,-33,-580,970,32,66,552,-86,-441,961,-405,-153,1711,-208,-169,957,-804,-264,2417,-380,77,924,-769,-77,2391,-598,330,871,-534,149,1772,-716,404,755,-128,103,179,-593,272,729,533,110,-1240,-394,80,805,973,140,-2199,-189,-141,860,537,-210,-2437,48,-541,899,243,-291,-1858,148,-705,945,101,-210,-583,127,-641,980,-249,-264,938,7,-426,959,-503,-277,2036,-217,-57,956,-781,-293,2546,-512,249,915,-740,-200,1935
-173,38,1048,-606,-359,1657,-332,184,1108,-782,-500,1379,-385,246,1123,-492,-177,570,-347,220,1048,-44,218,-310,-207,105,961,171,354,-1035,-34,-44,908,80,288,-1348,168,-308,877,71,158,-1097,243,-422,887,19,-55,-234,185,-366,957,-131,-362,823,23,-156,1069,-286,-420,1466,-305,118,1140,-602,-345,1256,-409,202,1154,-320,-1,493,-349,171,1075,-4,375,-454,-216,31,981,175,497,-1092,-83,-105,915,217,459,-1306,58,-268,897,215,342,-1208,153,-417,892,135,201,-809,173,-495,902,65,-15,-41,134,-466,939,-38,-225,713,26,-318,999,-117,-325,1473,-131,-89,1043,-233,-327,1765,-310,145,1045,-321,-229,1284,-367,189,1008,-162,2,394,-303,109,932,85,238,-483,-180,-38,877,261,246,-932,-17,-219,876,321,67,-976,119,-371,907,319,-78,-557,150,-380,899,210,-179,38,71,-269,875,86,-356,505,-38,-144,917,-12,-577,649
-410,-130,968,-317,1224,146,-426,-168,732,-430,1230,285,-474,-193,505,-520,814,438,-520,-148,437,-413,43,431,-567,-101,588,-353,-918,82,-441,-117,812,-528,-1519,-419,-260,-271,965,-569,-1294,-610,-144,-398,1060,-302,-286,-310,-213,-390,1024,-146,907,141,-354,-306,813,96,1597,344,-491,-224,577,355,1715,365,-658,-155,387,636,1213,98,-682,-111,332,417,259,-91,-678,-90,423,-147,-976,-286,-589,-162,601,-310,-1364,-527,-439,-318,789,-253,-1134,-609,-326,-435,917,157,-465,-493,-299,-452,1060,334,212,-240,-392,-394,1030,440,1049,-36,-547,-306,867,377,1545,-45,-638,-258,605,349,1656,-127,-703,-228,388,99,1081,-211,-662,-269,291,-343,-123,-148,-620,-305,377,-272,-724,-45,-587,-312,614,-206,-921,84,-584,-329,870,-141,-403,68,-623,-313,919,-26,527,35,-677,-312,757,-27,1100,-27,-712,-326,497,22,1340,-11,-749,-322,272,41,1134,69
-260,-119,999,276,-356,-565,-232,-176,1090,37,-251,-373,-228,-196,1085,0,-32,-319,-264,-215,1030,200,287,-407,-226,-171,952,372,489,-431,-197,-140,848,330,460,-240,-167,-131,781,160,182,153,-193,-99,817,-88,-175,477,-259,-70,910,-381,-536,569,-303,-59,1047,-404,-547,415,-299,-70,1141,-199,-208,150,-287,-76,1121,-67,182,-22,-257,-97,1028,-24,453,-156,-241,-122,914,-5,556,-187,-253,-140,762,17,481,-153,-235,-130,667,75,203,-135,-211,-115,671,133,-241,-96,-199,-96,773,127,-648,-128,-179,-81,933,43,-871,-177,-219,-67,1136,63,-785,-242,-255,-54,1265,127,-351,-348,-274,-21,1268,218,221,-494,-251,-23,1193,333,701,-726,-189,-94,1034,404,1010,-822,-165,-181,886,279,885,-679,-124,-251,766,90,485,-376,-95,-273,760,10,99,-62,-84,-267,822,-68,-215,280,-134,-207,987,-201,-453,562,-250,-89,1183,-463,-454,734
-306,-308,980,631,740,-881,-254,-389,822,573,810,-606,-231,-404,710,430,587,-215,-246,-369,717,43,-18,175,-270,-329,831,-186,-377,461,-345,-239,1013,-264,-369,750,-453,-159,1105,-548,-246,962,-546,-61,1096,-808,31,1135,-576,-10,997,-857,299,1068,-590,29,814,-851,413,910,-597,46,635,-744,299,600,-601,74,484,-380,25,152,-622,88,482,40,-331,-265,-590,55,700,382,-639,-704,-508,-27,942,634,-444,-983,-458,-119,1088,773,-30,-1061,-444,-196,1111,905,546,-1026,-455,-255,1061,907,921,-900,-444,-301,937,617,940,-606,-405,-331,857,286,760,-216,-351,-367,865,-311,408,364,-329,-377,914,-1021,11,931,-421,-172,917,-1645,-291,1331,-585,-1,910,-1900,-362,1285,-681,101,867,-2009,-344,942,-713,56,782,-1935,-231,521,-722,10,697,-1494,-110,72,-659,-94,629,-767,113,-436,-618,-185,617,-43,333,-802,-539,-345,657,678,598,-1134
-291,-397,685,-1121,-617,-351,-202,-469,703,-345,-321,-659,-139,-507,783,576,80,-900,-99,-518,904,1102,416,-1024,-95,-506,1013,1550,981,-941,-132,-437,1056,2030,1659,-679,-257,-313,991,2172,2069,-229,-353,-205,864,1755,1873,224,-424,-51,770,1045,1335,636,-482,90,761,173,705,872,-521,188,782,-626,263,950,-541,263,832,-1675,-181,929,-578,247,868,-2320,-344,768,-552,144,850,-2654,-396,495,-528,4,780,-2515,-407,261,-472,-132,717,-1968,-321,-38,-410,-239,656,-1491,-324,-351,-319,-353,629,-867,-310,-739,-227,-449,668,-310,-243,-1006,-144,-531,756,381,-65,-1123,-116,-552,889,933,182,-1154,-77,-559,1005,1130,428,-1122,-57,-530,1062,1364,880,-889,-89,-456,1050,1673,1385,-605,-128,-362,967,1477,1522,-32,-165,-261,886,942,1236,781,-250,-101,839,269,767,1427,-324,15,887,-388,404,1532,-389,93,939,-1337,98,1391,-436,89,963,-1702,133,1074
-612,-57,678,-1930,-180,87,-570,-138,543,-1866,-342,-168,-518,-212,507,-1349,-468,-557,-426,-302,559,-778,-462,-1072,-298,-453,701,-16,-236,-1503,-170,-601,909,742,407,-1643,-98,-662,1069,1306,1222,-1469,-129,-631,1097,1637,2023,-1155,-198,-583,1013,1595,2315,-884,-274,-536,908,1248,2158,-540,-341,-499,821,529,1584,-99,-418,-421,753,-560,659,461,-489,-354,722,-1604,-274,859,-525,-298,687,-2410,-977,1223,-593,-208,720,-2590,-1166,1277,-641,-207,760,-2470,-1110,1003,-685,-207,750,-2279,-875,638,-672,-271,692,-1911,-460,36,-586,-383,594,-1442,4,-432,-501,-522,501,-760,496,-790,-387,-703,467,415,1288,-1011,-299,-829,476,1645,2066,-929,-320,-824,557,2838,2734,-482,-442,-732,655,2871,2875,-193,-489,-673,598,2102,2464,113,-549,-592,514,1202,1792,510,-628,-454,459,-208,738,904,-681,-314,430,-1716,-302,1292,-771,-123,502,-2812,-984,1551,-853,-48,574,-2965,-1145,1302
-178,-251,784,431,-114,-168,-180,-127,845,1657,187,-111,-228,57,868,2444,510,-73,-319,311,849,2672,664,-142,-369,456,790,2394,409,-325,-420,538,790,1955,201,-371,-513,638,851,977,-190,-370,-579,671,890,-237,-598,-522,-571,591,906,-959,-689,-889,-466,351,885,-1220,-556,-1257,-323,104,880,-1401,-520,-1231,-174,-118,909,-1642,-643,-751,-99,-254,942,-2163,-804,-4,-60,-351,905,-2379,-849,493,-95,-424,882,-2295,-704,871,-164,-494,825,-2201,-495,1010,-253,-507,675,-1975,-321,995,-329,-498,520,-1598,-186,729,-382,-485,460,-909,9,215,-363,-540,476,-341,188,-340,-296,-656,551,452,568,-824,-217,-781,689,1061,918,-1102,-114,-895,808,1583,1511,-1076,-107,-878,831,1954,2100,-838,-164,-819,811,1994,2406,-716,-243,-777,751,1944,2713,-616,-316,-723,647,1652,2613,-375,-396,-626,538,1076,2118,190,-500,-502,466,334,1392,694,-616,-320,464,-632,603,1133
-464,-16,668,1881,1725,-107,-555,175,580,1000,1194,501,-671,425,613,-418,436,988,-691,561,664,-2088,-563,1105,-585,438,797,-3136,-1295,1169,-468,309,897,-2973,-1109,1190,-402,192,931,-2729,-873,1072,-342,76,851,-2441,-757,785,-275,-34,784,-1790,-672,385,-199,-123,756,-1228,-691,-148,-76,-239,781,-584,-675,-662,13,-294,851,-203,-575,-1095,129,-360,935,144,-334,-1476,241,-397,1083,551,223,-1682,295,-383,1177,871,954,-1504,216,-285,1202,956,1597,-1102,90,-197,1147,1022,2151,-905,-85,-127,1023,935,2518,-779,-225,-92,875,721,2507,-583,-339,-87,677,243,1955,-242,-416,-63,544,-265,1146,179,-468,-2,489,-775,114,541,-496,62,547,-970,-621,652,-515,113,683,-1075,-1186,685,-514,135,805,-1187,-1471,578,-453,99,891,-1281,-1645,272,-332,10,931,-1146,-1616,-92,-202,-77,941,-895,-1411,-433,-52,-177,960,-590,-1143,-776,75,-263,1020,-302,-799,-944
-233,-56,847,618,1730,82,-357,-48,711,439,1479,240,-447,-10,583,105,1102,444,-542,49,498,-168,314,524,-542,98,521,-672,-903,602,-369,75,675,-1099,-2072,567,-148,20,818,-1232,-2265,589,84,-70,1070,-1383,-1768,268,125,-206,1068,-1100,-1220,-53,198,-217,1087,-544,-832,-210,236,-236,1112,-350,-367,-340,272,-267,1154,-52,115,-592,294,-306,1202,182,645,-745,225,-329,1187,344,1159,-753,120,-361,1102,306,1481,-678,50,-388,1036,248,1547,-528,31,-386,967,-119,1367,18,-35,-378,876,-473,1098,685,-109,-296,798,-823,684,1281,-184,-165,750,-1018,430,1791,-346,29,777,-1464,242,1926,-445,163,835,-2182,208,1626,-514,144,738,-2430,360,811,-531,-11,579,-1904,481,-69,-514,-150,505,-1120,376,-654,-439,-342,580,-65,280,-1230,-344,-559,802,983,678,-1789,-235,-747,922,2050,1305,-1927,-182,-806,908,2367,1655,-1403,-240,-746,769,2216,1566,-597
-290,54,972,-875,-400,1168,-273,90,1075,-1035,-274,1247,-305,163,1126,-1072,60,1129,-357,199,1081,-984,499,706,-423,194,931,-873,744,169,-471,138,758,-683,648,-351,-445,29,656,-395,398,-779,-378,-105,628,124,94,-1080,-289,-236,672,562,-224,-1098,-217,-327,747,767,-669,-720,-140,-363,830,515,-988,-350,-13,-416,976,412,-1024,25,79,-410,1078,237,-840,325,151,-406,1181,-63,-637,761,156,-369,1216,-423,-366,1136,124,-318,1186,-880,-67,1432,53,-288,1040,-1049,179,1496,-74,-261,826,-862,267,1249,-144,-227,680,-619,136,782,-160,-229,616,-350,-92,239,-117,-259,703,-6,-323,-380,-43,-326,802,135,-427,-698,7,-369,954,398,-485,-944,85,-376,1149,749,-122,-1324,144,-383,1262,1059,568,-1577,125,-317,1327,1410,1418,-1739,37,-218,1257,1406,2229,-1657,-131,-162,1111,1157,2411,-1361,-266,-158,929,835,2370,-1184,-389,-170,761,385,2141,-875
309,-635,838,372,-736,-863,352,-636,879,432,-638,-651,374,-586,976,344,-611,-362,425,-564,1103,296,-347,-301,505,-562,1188,340,294,-221,504,-522,1204,363,871,16,400,-467,1176,413,1649,192,256,-395,1081,314,2326,290,55,-311,908,263,2878,243,-138,-268,711,289,3211,66,-351,-249,479,315,3347,46,-531,-210,255,285,2989,-133,-562,-228,65,176,2317,-286,-559,-267,-80,-64,1320,-312,-557,-278,-153,-145,417,-93,-639,-247,-138,-174,-611,169,-700,-196,-5,-122,-1437,301,-692,-155,183,29,-2446,352,-545,-118,483,126,-3259,531,-393,-115,715,-76,-2778,588,-261,-120,800,-276,-2506,382,-77,-188,874,-337,-2184,221,35,-209,928,-199,-1934,121,172,-248,1024,-215,-1755,-17,304,-313,1142,-220,-1422,-60,406,-374,1240,-314,-1064,58,438,-421,1254,-321,-584,341,434,-423,1228,-168,-47,447,398,-412,1203,-13,497,438,366,-388,1172,162,1048,366
-546,-117,583,-1104,-133,-65,-529,-205,567,-901,-348,-303,-470,-291,622,-642,-447,-617,-391,-398,676,-389,-437,-928,-297,-494,731,-107,-383,-1171,-196,-576,802,222,-139,-1274,-117,-622,876,520,141,-1268,-69,-648,951,836,557,-1169,-65,-629,977,973,864,-930,-108,-559,966,1083,1159,-689,-175,-488,918,1020,1267,-470,-263,-419,845,875,1212,-226,-348,-345,795,742,1083,-67,-430,-292,754,555,890,56,-503,-250,692,340,684,205,-555,-198,642,123,430,336,-569,-146,617,-101,79,415,-561,-128,638,-308,-312,455,-525,-115,682,-407,-590,523,-493,-91,702,-404,-702,579,-446,-49,730,-420,-876,594,-378,-26,771,-419,-1067,529,-271,-10,814,-361,-1215,335,-142,-36,891,-352,-1453,104,-30,-98,995,-225,-1362,-115,44,-137,1051,-333,-1374,-136,135,-134,1165,-266,-1191,-163,190,-82,1252,34,-537,-403,206,-60,1272,292,40,-713,225,-21,1227,488,654,-1055
-744,-248,335,-495,-874,12,-703,-290,440,-572,-1101,-65,-665,-339,543,-681,-1241,-105,-606,-370,636,-762,-1325,-144,-536,-416,695,-815,-1330,-215,-443,-448,758,-784,-1278,-334,-334,-502,783,-571,-1083,-509,-224,-533,804,-243,-857,-658,-121,-539,821,-16,-604,-765,-53,-565,820,138,-440,-848,3,-566,846,209,-367,-834,35,-547,911,182,-335,-743,92,-486,1026,287,-100,-787,151,-503,1084,449,347,-987,197,-512,1099,561,776,-922,186,-489,1079,718,1219,-792,132,-448,1021,834,1550,-647,22,-400,936,873,1692,-435,-112,-347,830,807,1680,-216,-257,-290,711,725,1477,1,-361,-249,635,625,1155,129,-444,-203,595,321,627,337,-474,-147,620,-100,8,550,-461,-113,687,-450,-553,793,-421,-62,737,-335,-662,1014,-389,91,831,-311,-746,1099,-343,166,946,-518,-908,954,-283,160,1045,-547,-823,674,-233,119,1113,-503,-615,421,-202,73,1150,-489,-312,246
449,-504,1133,557,693,-787,385,-402,1183,902,1586,-677,230,-322,1120,1035,2372,-704,53,-280,968,946,2629,-639,-136,-231,791,853,2560,-440,-318,-192,665,706,2215,-211,-471,-140,550,491,1817,-97,-574,-125,444,188,1224,91,-652,-83,388,-178,545,360,-682,-28,420,-515,-271,649,-679,38,518,-861,-922,950,-619,95,663,-1353,-1623,1123,-517,74,805,-1383,-1738,1006,-406,15,986,-1133,-1446,785,-320,-32,1117,-1084,-1010,716,-269,-94,1184,-991,-370,680,-263,-145,1145,-790,332,644,-289,-185,1016,-665,960,516,-366,-198,854,-631,1219,430,-472,-220,621,-547,1499,163,-561,-234,396,-318,1422,-75,-622,-238,230,-85,725,-72,-653,-169,227,131,-576,-148,-553,-164,296,293,-1617,-295,-352,-105,537,843,-1986,-726,-218,-127,942,564,-1701,-1097,2,-219,1011,-15,-1626,-1097,127,-284,1046,-121,-1294,-969,228,-321,1075,-136,-797,-943,278,-359,1094,-1,-233,-933
-441,-347,340,-400,1124,757,-555,-292,231,-373,566,764,-638,-211,230,-237,-198,598,-669,-168,337,-223,-901,330,-599,-197,441,-29,-1382,8,-486,-175,598,191,-1595,-193,-324,-191,765,-111,-1738,-391,-167,-251,846,-360,-1740,-556,7,-336,930,-365,-1522,-762,150,-399,1005,-299,-1261,-790,272,-454,1097,-208,-883,-696,337,-469,1170,-94,-377,-563,354,-456,1199,59,314,-453,328,-430,1185,143,961,-357,263,-400,1149,275,1611,-311,153,-404,1072,370,2185,-279,14,-379,957,366,2651,-264,-174,-362,738,242,2804,-250,-345,-355,538,101,2669,-260,-451,-376,282,-140,2194,-201,-475,-414,42,-175,1608,14,-547,-392,-114,-238,643,394,-607,-282,-78,-322,-555,709,-618,-149,112,-289,-1720,932,-578,-36,420,-241,-2373,919,-496,17,751,-364,-2367,615,-381,-6,920,-409,-1941,197,-278,-47,1027,-467,-1702,-131,-152,-128,1094,-509,-1457,-247,-69,-177,1151,-404,-1102,-232
93,-319,1286,88,334,-562,76,-304,1249,-39,845,-444,17,-263,1169,-94,1267,-403,-47,-220,1029,-172,1721,-621,-77,-327,821,-149,2017,-698,-156,-428,593,-176,1784,-430,-218,-496,416,-149,1318,-78,-299,-485,316,-68,572,413,-370,-392,341,-5,-297,783,-403,-263,494,51,-968,871,-401,-171,757,45,-1338,808,-380,-137,981,-4,-1247,774,-384,-83,1120,-128,-842,764,-384,-73,1204,-219,-378,686,-406,-87,1218,-414,63,658,-418,-131,1149,-534,461,667,-450,-139,1049,-620,777,684,-502,-128,911,-734,948,690,-571,-115,709,-767,991,581,-624,-104,532,-624,905,337,-651,-106,338,-448,611,26,-638,-109,268,-213,64,-306,-614,-141,320,-136,-467,-614,-542,-200,431,75,-922,-943,-449,-253,551,106,-1217,-1219,-287,-334,660,173,-1487,-1479,-93,-401,829,245,-1496,-1637,136,-488,1020,341,-1088,-1611,270,-521,1175,411,-436,-1384,300,-506,1203,416,369,-1057
